continent,location,iso_code,date,total_cases,new_cases,new_cases_smoothed,total_deaths,new_deaths,new_deaths_smoothed,total_cases_per_million,new_cases_per_million,new_cases_smoothed_per_million,total_deaths_per_million,new_deaths_per_million,new_deaths_smoothed_per_million,reproduction_rate,icu_patients,icu_patients_per_million,hosp_patients,hosp_patients_per_million,weekly_icu_admissions,weekly_icu_admissions_per_million,weekly_hosp_admissions,weekly_hosp_admissions_per_million,total_tests,new_tests,total_tests_per_thousand,new_tests_per_thousand,new_tests_smoothed,new_tests_smoothed_per_thousand,positive_rate,tests_per_case,tests_units,total_vaccinations,people_vaccinated,people_fully_vaccinated,total_boosters,new_vaccinations,new_vaccinations_smoothed,total_vaccinations_per_hundred,people_vaccinated_per_hundred,people_fully_vaccinated_per_hundred,total_boosters_per_hundred,new_vaccinations_smoothed_per_million,new_people_vaccinated_smoothed,new_people_vaccinated_smoothed_per_hundred,stringency_index,population_density,median_age,aged_65_older,aged_70_older,gdp_per_capita,extreme_poverty,cardiovasc_death_rate,diabetes_prevalence,female_smokers,male_smokers,handwashing_facilities,hospital_beds_per_thousand,life_expectancy,human_development_index,population,excess_mortality_cumulative_absolute,excess_mortality_cumulative,excess_mortality,excess_mortality_cumulative_per_million
Africa,Algeria,DZA,2023-01-07,271254.0,4.0,3.714,6881.0,0.0,0.0,6040.857,0.089,0.083,153.241,0.0,0.0,0.91,1.0,0.022,,,,,,,230553.0,,5.219,,,,,,tests performed,15267442.0,7840131.0,6481186.0,575651.0,147230.0,628.0,34.0,17.46,14.43,1.28,14.0,0.0,0.0,0.0,17.348,29.1,6.211,3.857,13913.839,0.5,278.364,6.73,0.7,30.4,83.741,1.9,76.88,0.748,44903228.0,49888.7,26.86,29.47,1111.02702905902
Africa,Angola,AGO,2023-01-07,105095.0,0.0,0.0,1930.0,0.0,0.0,2953.02,0.0,0.0,54.23,0.0,0.0,0.13,,,,,,,,,1618566.0,1459.0,46.91,0.042,1013.0,0.029,0.033,30.3,tests performed,23701049.0,14990131.0,8253873.0,1457126.0,,16636.0,66.6,42.12,23.19,4.09,467.0,7306.0,0.021,17.02,23.89,16.8,2.405,1.362,5819.495,,276.045,3.94,,,26.664,,61.15,0.581,35588996.0,,,,
Africa,Benin,BEN,2023-01-07,27982.0,0.0,0.0,163.0,0.0,0.0,2095.58,0.0,0.0,12.207,0.0,0.0,0.05,,,,,,,,,604310.0,,46.496,,,,,,tests performed,4232541.0,3697190.0,2742837.0,,,12809.0,31.7,27.69,20.54,,959.0,11614.0,0.087,5.56,99.11,18.8,3.244,1.942,2064.236,49.6,235.848,0.99,0.6,12.3,11.035,0.5,61.77,0.545,13352864.0,,,,
Africa,Botswana,BWA,2023-01-07,328071.0,211.0,80.0,2794.0,82.0,11.714,124727.598,80.219,30.415,1062.236,31.175,4.454,0.18,,,,,,,,,2285160.0,2647.0,882.839,1.023,857.0,0.331,0.0483,20.7,tests performed,3121142.0,1687070.0,1426050.0,499421.0,10435.0,1551.0,118.66,64.14,54.22,18.99,590.0,168.0,0.006,0.0,4.044,25.8,3.941,2.242,15807.374,,237.372,4.81,5.7,34.4,,1.8,69.59,0.735,2630300.0,,,,
Africa,Burkina Faso,BFA,2023-01-07,22006.0,0.0,0.0,395.0,0.0,0.0,970.549,0.0,0.0,17.421,0.0,0.0,-0.0,,,,,,,,,324773.0,41.0,14.695,0.002,291.0,0.013,0.0,624.3,tests performed,5117982.0,4366726.0,3335753.0,,,18702.0,22.57,19.26,14.71,,825.0,22992.0,0.101,8.33,70.151,17.6,2.409,1.358,1703.102,43.7,269.048,2.42,1.6,23.9,11.877,0.4,61.58,0.452,22673764.0,,,,
Africa,Burundi,BDI,2023-01-07,52162.0,111.0,62.857,38.0,0.0,0.0,4046.834,8.612,4.877,2.948,0.0,0.0,0.11,,,,,,,,,1611285.0,3281.0,128.377,0.261,1061.0,0.085,0.0236,42.4,tests performed,30480.0,28541.0,27957.0,283.0,93.0,69.0,0.24,0.22,0.22,0.0,5.0,69.0,0.001,13.89,423.062,17.5,2.562,1.504,702.225,71.7,293.068,6.05,,,6.144,0.8,61.58,0.433,12889583.0,,,,
Africa,Cameroon,CMR,2023-01-07,123993.0,0.0,0.0,1965.0,0.0,0.0,4441.878,0.0,0.0,70.393,0.0,0.0,0.06,,,,,,,,,2731181.0,,100.416,,608.0,0.022,0.0,33.7,tests performed,3998508.0,3651727.0,3110433.0,451810.0,9890.0,30670.0,14.32,13.08,11.14,1.62,1099.0,29945.0,0.107,8.33,50.885,18.8,3.165,1.919,3364.926,23.8,244.661,7.2,,,2.735,1.3,59.29,0.563,27914542.0,,,,
Africa,Cape Verde,CPV,2023-01-07,63207.0,0.0,1.0,412.0,0.0,0.0,106559.422,0.0,1.686,694.583,0.0,0.0,0.47,,,,,,,,,,904.0,,1.538,324.0,0.551,0.1168,8.6,tests performed,859940.0,356734.0,308720.0,749.0,4461.0,295.0,144.98,60.14,52.05,0.13,497.0,27.0,0.005,11.11,135.58,25.7,4.46,3.437,6222.554,,182.219,2.42,2.1,16.5,,2.1,72.98,0.665,593162.0,188.6,6.81,13.94,317.956983083879
Africa,Central African Republic,CAF,2023-01-07,15351.0,0.0,0.0,113.0,0.0,0.0,2751.495,0.0,0.0,20.254,0.0,0.0,0.04,,,,,,,,,94759.0,,17.364,,142.0,0.026,0.0,1.8,tests performed,2354281.0,1984791.0,1934575.0,214090.0,12887.0,25469.0,42.2,35.58,34.68,3.84,4565.0,1605.0,0.029,8.33,7.479,18.3,3.655,2.251,661.24,,435.727,6.1,,,16.603,1.0,53.28,0.397,5579148.0,,,,
Africa,Chad,TCD,2023-01-07,7651.0,0.0,0.143,194.0,0.0,0.0,431.691,0.0,0.008,10.946,0.0,0.0,0.32,,,,,,,,,218873.0,,12.74,,129.0,0.008,0.0044,225.9,tests performed,3891785.0,3750058.0,3625087.0,,,143.0,21.96,21.16,20.45,,8.0,25.0,0.0,13.89,11.833,16.7,2.486,1.446,1768.153,38.4,280.995,6.1,,,5.818,,54.24,0.398,17723312.0,,,,
Africa,Comoros,COM,2023-01-07,8983.0,0.0,0.143,161.0,0.0,0.0,10735.161,0.0,0.171,192.404,0.0,0.0,0.19,,,,,,,,,100289.0,,122.062,,1306.0,1.59,0.0002,4566.4,tests performed,835021.0,438825.0,397080.0,,,486.0,99.79,52.44,47.45,,581.0,247.0,0.03,,437.352,20.4,2.963,1.726,1413.89,18.1,261.516,11.88,4.4,23.6,15.574,2.2,64.32,0.554,836783.0,,,,
Africa,Congo,COG,2023-01-07,25375.0,0.0,0.0,386.0,0.0,0.0,4250.113,0.0,0.0,64.652,0.0,0.0,0.07,,,,,,,,,395040.0,,67.692,,639.0,0.109,0.0,,tests performed,833210.0,695760.0,654119.0,,1486.0,9.0,13.96,11.65,10.96,,2.0,9.0,0.0,13.89,15.405,19.0,3.402,2.063,4881.406,37.0,344.094,7.2,1.7,52.3,47.964,,64.57,0.574,5970430.0,,,,
Africa,Cote d'Ivoire,CIV,2023-01-07,87957.0,7.0,2.286,833.0,0.0,0.286,3123.412,0.249,0.081,29.58,0.0,0.01,0.54,,,,,,,,,1540831.0,635.0,56.075,0.023,1206.0,0.044,0.031,32.2,tests performed,23755644.0,13148381.0,11660147.0,2031641.0,20396.0,73568.0,84.36,46.69,41.41,7.21,2612.0,28866.0,0.103,13.89,76.399,18.7,2.933,1.582,3601.006,28.2,303.74,2.42,,,19.351,,57.78,0.538,28160548.0,,,,
Africa,Democratic Republic of Congo,COD,2023-01-07,95173.0,0.0,0.0,1462.0,0.0,0.0,961.244,0.0,0.0,14.766,0.0,0.0,0.64,,,,,,,,,1045120.0,,10.899,,928.0,0.01,0.0968,10.3,tests performed,17435502.0,9045823.0,6756571.0,,42303.0,201797.0,17.61,9.14,6.82,,2038.0,59404.0,0.06,25.0,35.879,17.0,3.02,1.745,808.133,77.1,318.949,6.1,,,4.472,,60.68,0.48,99010216.0,,,,
Africa,Djibouti,DJI,2023-01-07,15690.0,0.0,0.0,189.0,0.0,0.0,13998.292,0.0,0.0,168.622,0.0,0.0,0.0,,,,,,,,,309732.0,912.0,280.159,0.825,196.0,0.177,0.0,31.2,tests performed,338051.0,317428.0,297060.0,,12179.0,1602.0,30.16,28.32,26.5,,1429.0,1602.0,0.143,2.78,41.285,25.4,4.213,2.38,2705.406,22.5,258.037,6.05,1.7,24.5,,1.4,67.11,0.524,1120851.0,,,,
Africa,Egypt,EGY,2023-01-07,515645.0,0.0,0.0,24802.0,0.0,0.143,4645.865,0.0,0.0,223.461,0.0,0.001,-0.0,,,,,,,,,11954884.0,,109.415,,194420.0,1.779,0.0,371.0,tests performed,100993230.0,53731514.0,40092338.0,9915716.0,78722.0,11986.0,90.99,48.41,36.12,8.93,108.0,3981.0,0.004,11.11,97.999,25.3,5.159,2.891,10550.206,1.3,525.432,17.31,0.2,50.1,89.827,1.6,71.99,0.707,110990096.0,321158.6,20.27,12.19,2893.57890094987
Africa,Equatorial Guinea,GNQ,2023-01-07,17186.0,0.0,0.0,183.0,0.0,0.0,10260.813,0.0,0.0,109.259,0.0,0.0,0.09,,,,,,,,,484554.0,501.0,296.46,0.307,109.0,0.067,0.0157,63.6,tests performed,488738.0,270109.0,214032.0,4597.0,639.0,149.0,29.18,16.13,12.78,0.27,89.0,89.0,0.005,,45.194,22.4,2.846,1.752,22604.873,,202.812,7.78,,,24.64,2.1,58.74,0.592,1674916.0,,,,
Africa,Eritrea,ERI,2023-01-07,10189.0,0.0,0.0,103.0,0.0,0.0,2765.713,0.0,0.0,27.958,0.0,0.0,0.03,,,,,,,,,23693.0,,6.544,,,,,,tests performed,,,,,,,,,,,,,,,44.304,19.3,3.607,2.171,1510.459,,311.11,6.05,0.2,11.4,,0.7,66.32,0.459,3684041.0,,,,
Africa,Eswatini,SWZ,2023-01-07,74034.0,0.0,1.857,1422.0,0.0,0.0,61608.748,0.0,1.545,1183.343,0.0,0.0,0.76,,,,,,,,,549656.0,333.0,461.016,0.279,303.0,0.254,0.0434,23.1,tests performed,773579.0,507582.0,490673.0,147518.0,7504.0,0.0,64.37,42.24,40.83,12.28,0.0,198.0,0.016,5.56,79.492,21.5,3.163,1.845,7738.975,,333.436,3.94,1.7,16.5,24.097,2.1,60.19,0.611,1201680.0,,,,
Africa,Ethiopia,ETH,2023-01-07,498660.0,30.0,94.143,7572.0,0.0,0.0,4041.662,0.243,0.763,61.371,0.0,0.0,1.03,,,,,,,,,5024643.0,4118.0,41.774,0.034,4906.0,0.041,0.1325,7.5,tests performed,52509414.0,43111242.0,36707357.0,2421781.0,159930.0,4576.0,42.56,34.94,29.75,1.96,37.0,326916.0,0.265,19.44,104.957,19.8,3.526,2.063,1729.927,26.7,182.634,7.47,0.4,8.5,7.96,0.3,66.6,0.485,123379928.0,,,,
Africa,Gabon,GAB,2023-01-07,48980.0,0.0,0.0,306.0,0.0,0.0,20502.328,0.0,0.0,128.087,0.0,0.0,0.08,,,,,,,,,1599902.0,2256.0,683.374,0.964,114.0,0.049,0.0389,25.7,tests performed,572672.0,311040.0,257378.0,2589.0,1486.0,102.0,23.97,13.02,10.77,0.11,43.0,7.0,0.0,11.11,7.859,23.1,4.45,2.976,16562.413,3.4,259.967,7.2,,,,6.3,66.47,0.703,2388997.0,,,,
Africa,Gambia,GMB,2023-01-07,12586.0,0.0,0.0,372.0,0.0,0.0,4651.154,0.0,0.0,137.473,0.0,0.0,0.01,,,,,,,,,155686.0,,58.974,,68.0,0.026,0.0105,95.2,tests performed,815861.0,548701.0,454249.0,31118.0,429.0,0.0,30.15,20.28,16.79,1.15,0.0,1057.0,0.039,13.89,207.566,17.5,2.339,1.417,1561.767,10.1,331.43,1.91,0.7,31.2,7.876,1.1,62.05,0.496,2705995.0,,,,
Africa,Ghana,GHA,2023-01-07,171065.0,0.0,2.429,1461.0,0.0,0.0,5110.099,0.0,0.073,43.643,0.0,0.0,0.3,,,,,,,,,2465238.0,2208.0,75.084,0.067,1210.0,0.037,0.2632,3.8,tests performed,21400939.0,12163179.0,9183560.0,2744852.0,60270.0,37938.0,63.93,36.33,27.43,8.2,1133.0,9219.0,0.028,33.38,126.719,21.1,3.385,1.948,4227.63,12.0,298.245,4.97,0.3,7.7,41.047,0.9,64.07,0.611,33475870.0,,,,
Africa,Guinea,GIN,2023-01-07,38210.0,0.0,0.0,466.0,0.0,0.0,2756.984,0.0,0.0,33.624,0.0,0.0,0.06,,,,,,,,,708410.0,,52.351,,1193.0,0.088,0.0,72.1,tests performed,8749048.0,6087292.0,3293736.0,223977.0,522.0,14254.0,63.13,43.92,23.77,1.62,1028.0,9911.0,0.072,25.45,51.755,19.0,3.135,1.733,1998.926,35.3,336.717,2.42,,,17.45,0.3,61.6,0.477,13859349.0,,,,
Africa,Guinea-Bissau,GNB,2023-01-07,8947.0,0.0,0.0,176.0,0.0,0.0,4249.185,0.0,0.0,83.587,0.0,0.0,-0.0,,,,,,,,,142948.0,390.0,69.368,0.189,231.0,0.112,0.0247,40.4,tests performed,673091.0,640393.0,404228.0,745.0,1658.0,0.0,31.97,30.41,19.2,0.04,0.0,3380.0,0.161,,66.191,19.4,3.002,1.565,1548.675,67.1,382.474,2.42,,,6.403,,58.32,0.48,2105580.0,,,,
Africa,Kenya,KEN,2023-01-07,342598.0,18.0,14.143,5688.0,0.0,0.0,6341.18,0.333,0.262,105.28,0.0,0.0,0.54,,,,,,,,,3728165.0,2868.0,70.335,0.054,3338.0,0.063,0.1107,9.0,tests performed,23063539.0,14213956.0,10832419.0,1756954.0,13702.0,10160.0,42.69,26.31,20.05,3.25,188.0,3729.0,0.007,22.77,87.324,20.0,2.686,1.528,2993.028,36.8,218.637,2.92,1.2,20.4,24.651,1.4,66.7,0.601,54027484.0,,,,
Africa,Lesotho,LSO,2023-01-07,34790.0,300.0,42.857,723.0,17.0,2.429,15087.869,130.105,18.586,313.554,7.373,1.053,0.0,,,,,,,,,459732.0,553.0,201.508,0.242,234.0,0.103,0.1172,8.5,tests performed,1259488.0,998183.0,925976.0,137883.0,,842.0,54.62,43.29,40.16,5.98,365.0,203.0,0.009,11.11,73.562,22.2,4.506,2.647,2851.153,59.6,405.126,3.94,0.4,53.9,2.117,,54.33,0.527,2305826.0,,,,
Africa,Liberia,LBR,2023-01-07,8043.0,0.0,0.0,294.0,0.0,0.0,1516.777,0.0,0.0,55.444,0.0,0.0,0.13,,,,,,,,,139824.0,,26.923,,,,,,tests performed,4460668.0,3903802.0,3730967.0,1987.0,8242.0,6291.0,84.12,73.62,70.36,0.04,1186.0,5602.0,0.106,29.46,49.127,19.2,3.057,1.756,752.788,38.6,272.509,2.42,1.5,18.1,1.188,0.8,64.1,0.48,5302690.0,,,,
Africa,Libya,LBY,2023-01-07,507153.0,0.0,1.571,6437.0,0.0,0.0,74446.182,0.0,0.231,944.902,0.0,0.0,0.01,,,,,,,,,,1351.0,,0.201,3669.0,0.545,0.2478,4.0,samples tested,3716080.0,2308724.0,1229888.0,177468.0,602.0,503.0,54.55,33.89,18.05,2.61,74.0,361.0,0.005,13.89,3.623,29.0,4.424,2.816,17881.509,,341.862,10.43,,,,3.7,72.91,0.724,6812344.0,,,,
Africa,Madagascar,MDG,2023-01-07,67750.0,0.0,2.143,1418.0,0.0,0.286,2287.946,0.0,0.072,47.886,0.0,0.01,0.42,,,,,,,,,451753.0,693.0,15.623,0.024,541.0,0.019,0.0547,18.3,tests performed,2379808.0,2056662.0,1981152.0,108396.0,13544.0,5105.0,8.04,6.95,6.69,0.37,172.0,4599.0,0.016,11.11,43.951,19.6,2.929,1.686,1416.44,77.6,405.994,3.94,,,50.54,0.2,67.04,0.528,29611718.0,,,,
Africa,Malawi,MWI,2023-01-07,88220.0,0.0,0.0,2685.0,0.0,0.0,4323.383,0.0,0.0,131.583,0.0,0.0,0.02,,,,,,,,,589303.0,490.0,29.628,0.025,307.0,0.015,0.0656,15.2,tests performed,6367571.0,4587043.0,3685148.0,1807355.0,14163.0,12481.0,31.21,22.48,18.06,8.86,612.0,19036.0,0.093,40.74,197.519,18.1,2.979,1.783,1095.042,71.4,227.349,3.94,4.4,24.7,8.704,1.3,64.26,0.483,20405318.0,,,,
Africa,Mali,MLI,2023-01-07,32771.0,0.0,0.143,743.0,0.0,0.0,1450.455,0.0,0.006,32.885,0.0,0.0,0.2,,,,,,,,,708110.0,605.0,32.326,0.028,536.0,0.024,0.0035,288.6,tests performed,4345592.0,3210921.0,2593973.0,,,9674.0,19.23,14.21,11.48,,428.0,8053.0,0.036,25.0,15.196,16.4,2.519,1.486,2014.306,,268.024,2.42,1.6,23.0,52.232,0.1,59.31,0.434,22593598.0,,,,
Africa,Mauritania,MRT,2023-01-07,63429.0,0.0,0.571,997.0,0.0,0.0,13392.535,0.0,0.121,210.509,0.0,0.0,0.0,,,,,,,,,998154.0,1362.0,216.286,0.295,735.0,0.159,0.0142,70.5,tests performed,4053878.0,2096578.0,1531866.0,378996.0,3777.0,4376.0,85.59,44.27,32.34,8.0,924.0,1963.0,0.041,8.33,4.289,20.3,3.138,1.792,3597.633,6.0,232.347,2.42,,,15.95,,64.92,0.546,4736146.0,,,,
Africa,Mauritius,MUS,2023-01-07,291335.0,1355.0,193.571,1041.0,0.0,0.0,224193.869,1042.726,148.961,801.091,0.0,0.0,0.36,,,,,,,,,1282782.0,,987.58,,12.0,0.009,0.0,11.3,tests performed,2612729.0,1123773.0,1088142.0,639407.0,35153.0,28.0,201.06,86.48,83.74,49.2,22.0,0.0,0.0,5.56,622.962,37.4,10.945,5.884,20292.745,0.5,224.644,22.02,3.2,40.7,,3.4,74.99,0.804,1299478.0,1714.8,5.89,6.75,1319.60679595961
Africa,Morocco,MAR,2023-01-07,1271868.0,45.0,39.0,16295.0,0.0,0.143,33954.531,1.201,1.041,435.021,0.0,0.004,0.75,,,,,,,,,11738659.0,4632.0,316.606,0.125,6983.0,0.188,0.1107,9.0,people tested,55357504.0,25015241.0,23515876.0,6924100.0,686.0,657.0,147.79,66.78,62.78,18.48,18.0,98.0,0.0,24.46,80.08,29.6,6.769,4.209,7485.013,1.0,419.146,7.14,0.8,47.1,,1.1,76.68,0.686,37457976.0,,,,
Africa,Mozambique,MOZ,2023-01-07,230970.0,0.0,0.0,2230.0,0.0,0.0,7005.562,0.0,0.0,67.638,0.0,0.0,0.23,,,,,,,,,1341769.0,939.0,41.83,0.029,870.0,0.027,0.0989,10.1,tests performed,29140427.0,18581293.0,18448526.0,990832.0,295812.0,263108.0,88.39,56.36,55.96,3.01,7980.0,279.0,0.001,12.04,37.728,17.7,3.158,1.87,1136.103,62.9,329.942,3.3,5.1,29.1,12.227,0.7,60.85,0.456,32969520.0,,,,
Africa,Namibia,NAM,2023-01-07,170295.0,0.0,0.0,4082.0,0.0,0.0,66339.465,0.0,0.0,1590.168,0.0,0.0,0.28,,,,,,,,,1056045.0,778.0,417.384,0.307,772.0,0.305,0.0579,17.3,tests performed,972893.0,602754.0,526072.0,102231.0,3837.0,412.0,37.9,23.48,20.49,3.98,160.0,256.0,0.01,5.56,3.078,22.0,3.552,2.085,9541.808,13.4,243.811,3.94,9.7,34.2,44.6,,63.71,0.646,2567024.0,,,,
Africa,Niger,NER,2023-01-07,9473.0,0.0,0.0,315.0,0.0,0.143,361.455,0.0,0.0,12.019,0.0,0.005,0.03,,,,,,,,,254538.0,374.0,10.08,0.015,260.0,0.01,0.0115,86.7,tests performed,7187711.0,6072321.0,5308074.0,,,3466.0,27.43,23.17,20.25,,132.0,3262.0,0.012,10.55,16.955,15.1,2.553,1.378,926.0,44.5,238.339,2.42,0.1,15.4,8.978,0.3,62.42,0.394,26207982.0,,,,
Africa,Nigeria,NGA,2023-01-07,266463.0,13.0,11.714,3155.0,0.0,0.0,1219.28,0.059,0.054,14.437,0.0,0.0,0.11,,,,,,,,,5279608.0,11989.0,24.74,0.056,8950.0,0.042,0.0049,204.1,tests performed,102292641.0,72354408.0,59867077.0,8311272.0,186047.0,383591.0,46.81,33.11,27.39,3.8,1755.0,299009.0,0.137,11.11,209.588,18.1,2.751,1.447,5338.454,,181.013,2.42,0.6,10.8,41.949,,54.69,0.539,218541216.0,,,,
Africa,Rwanda,RWA,2023-01-07,133033.0,113.0,16.143,1468.0,0.0,0.143,9656.375,8.202,1.172,106.557,0.0,0.01,0.09,,,,,,,,,5534918.0,3839.0,411.155,0.285,4661.0,0.346,0.0077,130.0,samples tested,26106436.0,10572981.0,9274948.0,5879013.0,211071.0,0.0,189.5,76.75,67.32,42.67,0.0,91318.0,0.663,25.64,494.869,20.3,2.974,1.642,1854.211,56.0,191.375,4.28,4.7,21.0,4.617,,69.02,0.543,13776702.0,,,,
Africa,Saint Helena,SHN,2023-01-07,2166.0,0.0,0.0,,,,401036.845,0.0,0.0,,,,,,,,,,,,,,,,,,,,,,7892.0,4361.0,3531.0,,,97.0,146.12,80.74,65.38,,17960.0,0.0,0.0,,,,,,,,,,,,,,80.56,,5401.0,,,,
Africa,Sao Tome and Principe,STP,2023-01-07,6279.0,0.0,0.0,77.0,0.0,0.0,27612.987,0.0,0.0,338.621,0.0,0.0,0.01,,,,,,,,,4694.0,767.0,21.039,3.438,110.0,0.493,0.0091,110.0,tests performed,227825.0,127438.0,103623.0,32700.0,,11.0,100.19,56.04,45.57,14.38,48.0,1.0,0.0,,212.841,18.7,2.886,2.162,3052.714,32.3,270.113,2.42,,,41.34,2.9,70.39,0.625,227393.0,,,,
Africa,Senegal,SEN,2023-01-07,88900.0,0.0,0.0,1968.0,0.0,0.0,5133.846,0.0,0.0,113.649,0.0,0.0,0.08,,,,,,,,,1102099.0,814.0,65.303,0.048,752.0,0.045,0.0034,292.5,tests performed,2709648.0,1949419.0,1356436.0,616751.0,7129.0,7495.0,15.65,11.26,7.83,3.56,433.0,5576.0,0.032,19.44,82.328,18.7,3.008,1.796,2470.58,38.0,241.219,2.42,0.4,16.6,20.859,,67.94,0.512,17316452.0,,,,
Africa,Seychelles,SYC,2023-01-07,50355.0,0.0,0.0,172.0,0.0,0.0,470014.468,0.0,0.0,1605.451,0.0,0.0,0.13,,,,,,,,,,,,,,,,,,219489.0,85803.0,81661.0,44705.0,1315.0,53.0,204.87,80.09,76.22,41.73,495.0,5.0,0.005,13.89,208.354,36.2,8.606,5.586,26382.287,1.1,242.648,10.55,7.1,35.7,,3.6,73.4,0.796,107135.0,-110.2,-6.47,3.73,-1028.60876464274
Africa,Sierra Leone,SLE,2023-01-07,7760.0,0.0,0.0,126.0,0.0,0.0,901.726,0.0,0.0,14.641,0.0,0.0,0.0,,,,,,,,,428517.0,,50.889,,251.0,0.03,0.0011,877.6,tests performed,6158679.0,4318136.0,3445251.0,346412.0,1928.0,60860.0,71.56,50.18,40.03,4.03,7072.0,34358.0,0.399,37.96,104.7,19.1,2.538,1.285,1390.3,52.2,325.721,2.42,8.8,41.3,19.275,,54.7,0.452,8605723.0,,,,
Africa,Somalia,SOM,2023-01-07,27310.0,0.0,1.429,1361.0,0.0,0.0,1551.924,0.0,0.081,77.34,0.0,0.0,0.02,,,,,,,,,501224.0,,29.37,,252.0,0.015,0.0414,24.2,tests performed,8520930.0,7524443.0,6324409.0,,0.0,10457.0,48.42,42.76,35.94,,594.0,10456.0,0.059,8.33,23.5,16.8,2.731,1.496,,,365.769,6.05,,,9.831,0.9,57.4,,17597508.0,,,,
Africa,South Africa,ZAF,2023-01-07,4050050.0,214.0,150.286,102568.0,0.0,0.0,67620.427,3.573,2.509,1712.495,0.0,0.0,0.9,108.0,1.803,1035.0,17.281,,,333.0,5.56,25637671.0,19244.0,431.667,0.324,14296.0,0.241,0.0726,13.8,people tested,38050611.0,23962787.0,21031216.0,3877516.0,80.0,1711.0,63.53,40.01,35.11,6.47,29.0,210834.0,0.352,11.11,46.754,27.3,5.344,3.053,12294.876,18.9,200.38,5.52,8.1,33.2,43.993,2.32,64.13,0.709,59893884.0,286372.0,18.61,0.38,4781.32291437303
Africa,South Sudan,SSD,2023-01-07,18368.0,0.0,0.0,138.0,0.0,0.0,1683.104,0.0,0.0,12.645,0.0,0.0,0.05,,,,,,,,,410280.0,798.0,38.172,0.074,578.0,0.054,0.0131,76.3,tests performed,2310167.0,2252089.0,2210238.0,,4158.0,6924.0,21.17,20.64,20.25,,634.0,6368.0,0.058,10.55,,19.2,3.441,2.032,1569.888,,280.775,10.43,,,,,57.85,0.433,10913172.0,,,,
Africa,Sudan,SDN,2023-01-07,63702.0,0.0,2.286,4995.0,0.0,0.143,1358.999,0.0,0.049,106.562,0.0,0.003,0.44,,,,,,,,,562941.0,,12.33,,,,,,tests performed,13711970.0,10504568.0,8302878.0,922458.0,6534.0,37508.0,29.25,22.41,17.71,1.97,800.0,41348.0,0.088,5.56,23.258,19.7,3.548,2.034,4466.507,,431.388,15.67,,,23.437,0.8,65.31,0.51,46874200.0,,,,
Africa,Tanzania,TZA,2023-01-07,42351.0,0.0,0.0,845.0,0.0,0.0,646.602,0.0,0.0,12.901,0.0,0.0,0.48,,,,,,,,,455776.0,,7.168,,1004.0,0.016,0.0161,62.2,tests performed,35994687.0,31191545.0,29270881.0,7171363.0,,221533.0,54.96,47.62,44.69,10.95,3382.0,167351.0,0.256,2.78,64.699,17.7,3.108,1.874,2683.304,49.1,217.288,5.75,3.3,26.7,47.953,0.7,65.46,0.529,65497752.0,,,,
Africa,Togo,TGO,2023-01-07,39346.0,0.0,0.429,290.0,0.0,0.0,4446.529,0.0,0.048,32.773,0.0,0.0,0.89,,,,,,,,,749695.0,877.0,86.722,0.101,377.0,0.044,0.0235,42.6,tests performed,3396543.0,2242455.0,1456018.0,427804.0,,55.0,38.38,25.34,16.45,4.83,6.0,0.0,0.0,30.1,143.366,19.4,2.839,1.525,1429.813,49.2,280.033,6.15,0.9,14.2,10.475,0.7,61.04,0.515,8848700.0,,,,
Africa,Tunisia,TUN,2023-01-07,1147645.0,0.0,10.571,29285.0,0.0,0.143,92880.724,0.0,0.856,2370.081,0.0,0.012,0.91,,,,,,,,,4647813.0,1722.0,379.013,0.14,996.0,0.081,0.0958,10.4,people tested,13172572.0,7217098.0,6392574.0,1254078.0,1662.0,119.0,106.61,58.41,51.74,10.15,10.0,66.0,0.001,41.6,74.228,32.7,8.001,5.075,10849.297,2.0,318.991,8.52,1.1,65.8,78.687,2.3,76.7,0.74,12356116.0,30666.0,19.1,9.55,2481.84785575014
Africa,Uganda,UGA,2023-01-07,169985.0,0.0,0.0,3630.0,0.0,0.0,3597.598,0.0,0.0,76.826,0.0,0.0,0.04,,,,,,,,,2749166.0,10103.0,59.955,0.22,1382.0,0.03,0.0646,15.5,tests performed,26299538.0,18867075.0,12961901.0,453508.0,134275.0,2620.0,55.66,39.93,27.43,0.96,55.0,0.0,0.0,26.85,213.759,16.4,2.168,1.308,1697.707,41.6,213.333,2.5,3.4,16.7,21.222,0.5,63.37,0.544,47249588.0,,,,
Africa,Western Sahara,ESH,2022-04-20,,,,,,,,,,,,,,,,,,,,,,3943.0,,6.972,,,,,,tests performed,,,,,,,,,,,,,,,,28.4,,1.38,,,,,,,,,70.26,,576005.0,,,,
Africa,Zambia,ZMB,2023-01-07,335545.0,206.0,160.0,4028.0,3.0,0.571,16762.44,10.291,7.993,201.222,0.15,0.029,1.34,,,,,,,,,3514038.0,2352.0,180.456,0.121,2122.0,0.109,0.0582,17.2,tests performed,12655676.0,10802844.0,8622108.0,33684.0,65503.0,4788.0,63.22,53.97,43.07,0.17,239.0,14428.0,0.072,2.78,22.995,17.7,2.48,1.542,3689.251,57.5,234.499,3.94,3.1,24.7,13.938,2.0,63.89,0.584,20017670.0,,,,
Africa,Zimbabwe,ZWE,2023-01-07,259981.0,0.0,0.0,5637.0,0.0,0.0,15929.682,0.0,0.0,345.393,0.0,0.0,0.03,,,,,,,,,2379907.0,3537.0,148.804,0.221,2246.0,0.14,0.0421,23.7,tests performed,12222754.0,6437808.0,4751270.0,1033676.0,1978.0,1126.0,74.89,39.45,29.11,6.33,69.0,332.0,0.002,53.7,42.729,19.6,2.822,1.882,1899.775,21.4,307.846,1.82,1.6,30.7,36.791,1.7,61.49,0.571,16320539.0,,,,
Asia,Afghanistan,AFG,2023-01-07,207766.0,0.0,29.571,7850.0,0.0,0.143,5051.597,0.0,0.719,190.864,0.0,0.003,0.8,,,,,,,,,994894.0,,24.811,,435.0,0.011,0.1714,5.8,tests performed,12449870.0,11459692.0,10754839.0,,14800.0,8528.0,30.27,27.86,26.15,,207.0,8164.0,0.02,0.0,54.422,18.6,2.581,1.337,1803.987,,597.029,9.59,,,37.746,0.5,64.83,0.511,41128772.0,,,,
Asia,Armenia,ARM,2023-01-07,445976.0,0.0,0.0,8716.0,0.0,0.0,160395.789,0.0,0.0,3134.72,0.0,0.0,-0.07,,,,,,,,,3102267.0,1467.0,1111.536,0.526,1467.0,0.526,0.003,333.3,tests performed,2150112.0,1129669.0,985807.0,40725.0,,126.0,77.33,40.63,35.45,1.46,45.0,24.0,0.001,,102.931,35.7,11.232,7.571,8787.58,1.8,341.01,7.11,1.5,52.1,94.043,4.2,75.09,0.776,2780472.0,22550.4,32.2,5.48,8110.27767947312
Asia,Azerbaijan,AZE,2023-01-07,826803.0,120.0,57.429,10017.0,4.0,1.286,79822.048,11.585,5.544,967.071,0.386,0.124,0.95,,,,,,,,,6947820.0,6872.0,673.696,0.666,2341.0,0.227,0.017,58.9,tests performed,13857111.0,5373253.0,4862494.0,3362453.0,1651.0,1313.0,133.78,51.88,46.94,32.46,127.0,236.0,0.002,40.35,119.309,32.4,6.018,3.871,15847.419,,559.812,7.11,0.3,42.5,83.241,4.7,73.0,0.756,10358078.0,38596.2,23.48,-12.77,3726.19321847161
Asia,Bahrain,BHR,2023-01-07,699137.0,43.0,57.143,1539.0,0.0,0.0,474880.743,29.207,38.814,1045.348,0.0,0.0,0.84,,,,,,,,,9969082.0,7215.0,6812.903,4.931,6220.0,4.251,0.2771,3.6,units unclear,3476633.0,1241174.0,1226796.0,1008663.0,68.0,30.0,236.15,84.31,83.33,68.51,20.0,4.0,0.0,11.11,1935.907,32.4,2.372,1.387,43290.705,,151.689,16.52,5.8,37.6,,2.0,77.29,0.852,1472237.0,,,,
Asia,Bangladesh,BGD,2023-01-07,2037250.0,10.0,17.857,29440.0,0.0,0.0,11900.772,0.058,0.104,171.976,0.0,0.0,1.4,,,,,,,,,13820904.0,8536.0,81.608,0.05,2366.0,0.014,0.2761,3.6,tests performed,341990517.0,150205383.0,127182306.0,65182753.0,6841215.0,1021076.0,199.78,87.74,74.29,38.08,5965.0,152103.0,0.089,13.89,1265.036,27.5,5.098,3.262,3523.984,14.8,298.003,8.38,1.0,44.7,34.808,0.8,72.59,0.632,171186368.0,,,,
Asia,Bhutan,BTN,2023-01-07,62538.0,0.0,2.0,21.0,0.0,0.0,79925.159,0.0,2.556,26.839,0.0,0.0,0.16,,,,,,,,,1711669.0,13010.0,2201.543,16.733,8392.0,10.794,0.036,27.8,samples tested,2011426.0,699116.0,677669.0,634641.0,414.0,92.0,257.07,89.35,86.61,81.11,118.0,13.0,0.002,0.0,21.188,28.6,4.885,2.977,8708.597,1.5,217.066,9.75,,,79.807,1.7,71.78,0.654,782457.0,,,,
Asia,Brunei,BRN,2023-01-07,270199.0,3380.0,482.857,225.0,0.0,0.0,601776.83,7527.806,1075.401,501.111,0.0,0.0,0.55,,,,,,,,,93192.0,297.0,209.245,0.667,,,,,samples tested,1283392.0,450404.0,445929.0,338987.0,3827.0,99.0,285.83,100.31,99.32,75.5,220.0,8.0,0.002,11.11,81.347,32.4,4.591,2.382,71809.251,,201.285,12.79,2.0,30.9,,2.7,75.86,0.838,449002.0,-16.8,-0.95,-7.41,-37.4163144039447
Asia,Cambodia,KHM,2023-01-07,138622.0,5.0,5.429,3056.0,0.0,0.0,8267.13,0.298,0.324,182.254,0.0,0.0,0.73,,,,,,,,,2977609.0,3334.0,179.493,0.201,566.0,0.034,0.0,1772.7,tests performed,45101653.0,15235245.0,14600964.0,10400934.0,61376.0,8568.0,268.98,90.86,87.08,62.03,511.0,456.0,0.003,5.56,90.672,25.6,4.412,2.385,3645.07,,270.892,4.0,2.0,33.7,66.229,0.8,69.82,0.594,16767851.0,,,,
Asia,China,CHN,2023-01-07,1909905.0,9308.0,6316.143,5242.0,0.0,1.429,1339.45,6.528,4.43,3.676,0.0,0.001,1.02,,,,,,,,,9214000000.0,,6461.913,,14769984.0,10.358,0.0016,637.8,tests performed,3482965000.0,1307222000.0,1274018000.0,815718000.0,659000.0,695857.0,244.27,91.68,89.35,57.21,488.0,172733.0,0.012,71.76,147.674,38.7,10.641,5.929,15308.712,0.7,261.899,9.74,1.9,48.4,,4.34,76.91,0.761,1425887360.0,,,,
Asia,Georgia,GEO,2023-01-07,1809359.0,539.0,77.0,16899.0,0.0,0.286,483219.274,143.949,20.564,4513.158,0.0,0.076,0.31,,,,,,,,,13652505.0,20318.0,3632.937,5.407,3491.0,0.929,0.0706,14.2,tests performed,2930677.0,1654504.0,1276173.0,80818.0,758.0,171.0,78.27,44.19,34.08,2.16,46.0,171.0,0.005,5.56,65.032,38.7,14.864,10.244,9745.079,4.2,496.218,7.11,5.3,55.5,,2.6,73.77,0.812,3744385.0,24314.8,21.55,-2.21,6493.66985499621
Asia,Hong Kong,HKG,2023-01-07,2755827.0,15850.0,18599.143,12276.0,72.0,67.0,367990.041,2116.476,2483.574,1639.234,9.614,8.947,,,,,,,,,,49426686.0,,6594.993,,72419.0,9.663,0.0038,262.5,tests performed,20348910.0,6908809.0,6787662.0,6652439.0,10101.0,14744.0,271.72,92.25,90.64,88.83,1969.0,293.0,0.004,11.11,7039.714,44.8,16.303,10.158,56054.92,,,8.33,,,,,84.86,0.949,7488863.0,14043.2,10.27,13.22,1875.21123032962
Asia,India,IND,2023-01-07,44681148.0,163.0,182.143,530720.0,2.0,2.143,31528.363,0.115,0.129,374.492,0.001,0.002,1.04,,,,,,,,,858526354.0,388641.0,609.938,0.276,442229.0,0.314,0.0278,35.9,samples tested,2201318312.0,1027224769.0,951264717.0,222828826.0,58354.0,46904.0,155.33,72.48,67.12,15.72,33.0,3402.0,0.0,28.7,450.419,28.2,5.989,3.414,6426.674,21.2,282.28,10.39,1.9,20.6,59.55,0.53,69.66,0.645,1417173120.0,,,,
Asia,Indonesia,IDN,2023-01-07,6723201.0,455.0,483.714,160679.0,6.0,9.571,24403.514,1.652,1.756,583.224,0.022,0.035,0.55,,,,,,,,,59503735.0,103179.0,217.363,0.377,114413.0,0.418,0.0837,11.9,people tested,443173913.0,203575051.0,172533762.0,67065100.0,0.0,82904.0,160.86,73.89,62.63,24.34,301.0,8685.0,0.003,32.03,145.725,29.3,5.319,3.053,11188.744,5.7,342.864,6.32,2.8,76.1,64.204,1.04,71.72,0.718,275501344.0,,,,
Asia,Iran,IRN,2023-01-07,7561808.0,107.0,95.429,144706.0,2.0,3.0,85395.364,1.208,1.078,1634.162,0.023,0.034,1.28,,,,,,,,,52269202.0,76234.0,594.485,0.867,25540.0,0.29,0.0078,129.0,tests performed,154773070.0,65113292.0,58514580.0,31145198.0,31765.0,1298.0,174.78,73.53,66.08,35.17,15.0,303.0,0.0,53.94,49.831,32.4,5.44,3.182,19082.62,0.2,270.308,9.59,0.8,21.1,,1.5,76.68,0.783,88550568.0,261045.6,29.95,1.87,2947.9833489041
Asia,Iraq,IRQ,2023-01-07,2465545.0,155.0,62.571,25375.0,0.0,0.286,55410.332,3.483,1.406,570.274,0.0,0.006,0.11,,,,,,,,,19002710.0,20703.0,436.507,0.476,11852.0,0.272,0.0092,109.2,tests performed,19552980.0,11332925.0,7944775.0,275280.0,16843.0,1652.0,43.94,25.47,17.85,0.62,37.0,828.0,0.002,41.37,88.125,20.0,3.186,1.957,15663.986,2.5,218.612,8.83,,,94.576,1.4,70.6,0.674,44496124.0,,,,
Asia,Israel,ISR,2023-01-07,4770235.0,558.0,937.0,12079.0,10.0,6.0,504840.195,59.054,99.164,1278.336,1.058,0.635,0.9,36.0,3.81,483.0,51.117,22.0,2.328,317.0,33.549,51780014.0,30887.0,5573.137,3.324,26227.0,2.823,0.333,3.0,people tested,18612384.0,6721409.0,6157681.0,5733294.0,407.0,1041.0,196.98,71.13,65.17,60.68,110.0,6.0,0.0,14.81,402.606,30.6,11.733,7.359,33132.32,0.5,93.32,6.74,15.4,35.4,,2.99,82.97,0.919,9449000.0,11753.9,8.79,-8.95,1243.93057466399
Asia,Japan,JPN,2023-01-07,30305173.0,238654.0,152928.0,59423.0,463.0,307.0,244491.798,1925.379,1233.771,479.404,3.735,2.477,0.92,1493.0,12.045,37029.0,298.737,,,,,53504941.0,138240.0,429.37,1.109,94925.0,0.762,0.1483,6.7,people tested,371992321.0,104548924.0,103145147.0,164298250.0,93293.0,28467.0,300.11,84.35,83.21,132.55,230.0,347.0,0.0,33.33,347.778,48.2,27.049,18.493,39002.223,,79.37,5.72,11.2,33.7,,13.05,84.63,0.919,123951696.0,71506.6,1.76,8.71,576.890855934718
Asia,Jordan,JOR,2023-01-07,1746997.0,0.0,0.0,14122.0,0.0,0.0,154794.998,0.0,0.0,1251.299,0.0,0.0,-0.01,,,,,,,,,16803235.0,42668.0,1507.249,3.827,2541.0,0.228,0.0171,58.3,tests performed,10057975.0,4821579.0,4558313.0,682211.0,16423.0,1262.0,89.12,42.72,40.39,6.04,112.0,347.0,0.003,0.0,109.285,23.2,3.81,2.361,8337.49,0.1,208.257,11.75,,,,1.4,74.53,0.729,11285875.0,15042.4,26.22,43.87,1332.85190558995
Asia,Kazakhstan,KAZ,2023-01-07,1488306.0,0.0,0.0,19060.0,0.0,0.429,76724.722,0.0,0.0,982.576,0.0,0.022,-0.01,,,,,,,,,11965068.0,52729.0,623.295,2.747,39955.0,2.081,0.03,33.4,tests performed,20918681.0,10849289.0,10613754.0,2514071.0,12492.0,10734.0,107.84,55.93,54.72,12.96,553.0,302.0,0.002,5.56,6.681,30.6,6.991,4.625,24055.588,0.1,466.792,7.11,7.0,43.1,98.999,6.7,73.6,0.825,19397998.0,81955.9,22.41,-4.26,4224.96692699937
Asia,Kuwait,KWT,2023-01-07,662747.0,0.0,0.0,2570.0,0.0,0.0,155250.574,0.0,0.0,602.031,0.0,0.0,0.06,,,,,,,,,8208880.0,8163.0,1931.449,1.921,6104.0,1.436,0.0165,60.4,tests performed,8255386.0,3454823.0,3343442.0,1457121.0,332.0,108.0,193.39,80.93,78.32,34.13,25.0,48.0,0.001,11.11,232.128,33.7,2.345,1.114,65530.537,,132.235,15.84,2.7,37.0,,2.0,75.49,0.806,4268886.0,6579.4,44.08,-2.92,1541.24518668336
Asia,Kyrgyzstan,KGZ,2023-01-07,206567.0,0.0,1.429,2991.0,0.0,0.0,31153.492,0.0,0.215,451.089,0.0,0.0,0.01,,,,,,,,,,,,,,,,,,3374339.0,1638078.0,1361913.0,,98.0,628.0,50.89,24.7,20.54,,95.0,146.0,0.002,11.11,32.333,26.3,4.489,2.882,3393.474,1.4,436.362,7.11,3.6,50.5,89.22,4.5,71.45,0.697,6630621.0,15646.8,17.23,-37.75,2359.77897092897
Asia,Laos,LAO,2023-01-07,217863.0,6.0,9.429,758.0,0.0,0.0,28934.679,0.797,1.252,100.671,0.0,0.0,0.54,,,,,,,,,1030237.0,671.0,138.751,0.09,113.0,0.015,0.1062,9.4,tests performed,11111066.0,5888649.0,5222417.0,,11603.0,2251.0,147.57,78.21,69.36,,299.0,954.0,0.013,28.61,29.715,24.4,4.029,2.322,6397.36,22.7,368.111,4.0,7.3,51.2,49.839,1.5,67.92,0.613,7529477.0,,,,
Asia,Lebanon,LBN,2023-01-07,1223536.0,179.0,145.857,10752.0,2.0,0.857,222876.695,32.606,26.569,1958.561,0.364,0.156,1.42,,,,,,,,,4731376.0,14038.0,846.002,2.51,14688.0,2.626,,,tests performed,5814699.0,2740227.0,2414223.0,660249.0,292132.0,141.0,105.92,49.92,43.98,12.03,26.0,48.0,0.001,16.67,594.561,31.1,8.514,5.43,13367.565,,266.591,12.71,26.9,40.7,,2.9,78.93,0.744,5489744.0,15149.6,30.18,57.47,2759.6186634568
Asia,Macao,MAC,2023-01-07,1569.0,104.0,109.0,13.0,0.0,2.286,2256.969,149.602,156.794,18.7,0.0,3.288,,,,,,,,,,,,,,,,,,,1788988.0,677097.0,639016.0,472875.0,1171.0,798.0,257.34,97.4,91.92,68.02,1148.0,304.0,0.044,39.81,20546.766,39.2,9.798,4.991,104861.851,,,,,,,,84.24,,695180.0,594.8,9.99,14.53,855.605742397652
Asia,Malaysia,MYS,2023-01-07,5029908.0,571.0,461.571,36874.0,4.0,3.0,148207.79,16.825,13.6,1086.504,0.118,0.088,0.68,34.0,1.002,371.0,10.932,,,723.0,21.303,60647556.0,29997.0,1806.391,0.893,36861.0,1.098,0.0555,18.0,people tested,72384095.0,28122153.0,27533596.0,16946498.0,5251.0,4934.0,213.28,82.86,81.13,49.93,145.0,138.0,0.0,13.89,96.254,29.9,6.293,3.407,26808.164,0.1,260.942,16.74,1.0,42.4,,1.9,76.16,0.81,33938216.0,34734.4,6.86,1.08,1023.45980708002
Asia,Maldives,MDV,2023-01-07,185693.0,0.0,2.143,311.0,0.0,0.0,354512.617,0.0,4.091,593.74,0.0,0.0,0.13,,,,,,,,,2211113.0,2103.0,4240.251,4.033,57.0,0.109,0.0,13.9,samples tested,951419.0,399151.0,385081.0,167187.0,1683.0,1.0,181.64,76.2,73.52,31.92,2.0,0.0,0.0,,1454.433,30.6,4.12,2.875,15183.616,,164.905,9.19,2.1,55.0,95.803,,78.92,0.74,523798.0,160.6,14.41,3.78,306.606745348398
Asia,Mongolia,MNG,2023-01-07,1007765.0,0.0,71.286,2136.0,0.0,0.0,296543.375,0.0,20.976,628.536,0.0,0.0,0.21,,,,,,,,,7408778.0,4118.0,2213.041,1.23,487.0,0.145,0.2353,4.3,samples tested,5492919.0,2272965.0,2175617.0,1044337.0,1100.0,143.0,161.63,66.88,64.02,30.73,42.0,0.0,0.0,11.11,1.98,28.6,4.031,2.421,11840.846,0.5,460.043,4.82,5.5,46.5,71.18,7.0,69.87,0.737,3398373.0,657.0,1.28,2.98,193.327807159485
Asia,Myanmar,MMR,2023-01-07,633713.0,4.0,4.286,19490.0,0.0,0.0,11696.586,0.074,0.079,359.731,0.0,0.0,0.81,,,,,,,,,8332037.0,16383.0,154.876,0.305,5100.0,0.095,0.0016,626.3,samples tested,64549994.0,34777314.0,27545329.0,2227351.0,3800.0,229043.0,119.14,64.19,50.84,4.11,4227.0,177257.0,0.327,37.04,81.721,29.1,5.732,3.12,5591.597,6.4,202.104,4.61,6.3,35.2,79.287,0.9,67.13,0.583,54179312.0,,,,
Asia,Nepal,NPL,2023-01-07,1001020.0,3.0,2.857,12020.0,1.0,0.143,32769.201,0.098,0.094,393.484,0.033,0.005,0.79,,,,,,,,,6969050.0,5062.0,232.031,0.169,2745.0,0.091,0.007,142.9,samples tested,60475558.0,27566723.0,24057021.0,8851814.0,33262.0,20825.0,197.97,90.24,78.75,28.98,682.0,5843.0,0.019,21.59,204.43,25.0,5.809,3.212,2442.804,15.0,260.797,7.26,9.5,37.8,47.782,0.3,70.78,0.602,30547586.0,,,,
Asia,North Korea,PRK,2023-01-07,1.0,0.0,0.0,6.0,0.0,0.0,0.038,0.0,0.0,0.23,0.0,0.0,,,,,,,,,,182968.0,1558.0,7.045,0.06,554.0,0.021,,,samples tested,,,,,,,,,,,,,,,211.701,35.3,9.491,6.139,,,321.681,4.0,,,,13.2,72.27,,26069416.0,,,,
Asia,Northern Cyprus,OWID_CYN,2023-01-07,,,,,,,,,,,,,,,,,,,,,,,,,,,,,,,861519.0,301673.0,313067.0,80243.0,795.0,0.0,225.04,78.8,81.78,20.96,0.0,0.0,0.0,,,,,,,,,,,,,,,,382836.0,,,,
Asia,Oman,OMN,2023-01-07,399154.0,0.0,0.0,4628.0,0.0,0.0,87221.992,0.0,0.0,1011.297,0.0,0.0,0.01,,,,,,,,,2031675.0,,449.439,,622.0,0.138,0.006,167.5,tests performed,7086050.0,3257365.0,3048826.0,779859.0,3650.0,92.0,154.84,71.18,66.62,17.04,20.0,8.0,0.0,11.11,14.98,30.7,2.355,1.53,37960.709,,266.342,12.61,0.5,15.6,97.4,1.6,77.86,0.813,4576300.0,4311.2,15.48,0.4,942.071105478225
Asia,Pakistan,PAK,2023-01-07,1575910.0,0.0,19.714,30638.0,0.0,0.286,6682.544,0.0,0.084,129.918,0.0,0.001,0.24,,,,,,,,,28889568.0,31201.0,124.846,0.135,11780.0,0.051,0.0166,60.3,tests performed,317080887.0,154665740.0,131368973.0,48935695.0,83417.0,30621.0,134.46,65.59,55.71,20.75,130.0,676.0,0.0,11.11,255.573,23.5,4.495,2.78,5034.708,4.0,423.031,8.35,2.8,36.7,59.607,0.6,67.27,0.557,235824864.0,,,,
Asia,Palestine,PSE,2023-01-07,703228.0,0.0,0.0,5708.0,0.0,0.0,133946.251,0.0,0.0,1087.222,0.0,0.0,0.0,,,,,,,,,,3267.0,,0.636,1289.0,0.251,0.1962,5.1,tests performed,3748571.0,2012767.0,1776973.0,336967.0,0.0,106.0,71.4,38.34,33.85,6.42,20.0,33.0,0.001,11.11,778.202,20.4,3.043,1.726,4449.898,1.0,265.91,10.59,,,,,74.05,0.708,5250076.0,4737.8,18.14,13.91,902.425031561448
Asia,Philippines,PHL,2023-01-07,4067170.0,643.0,19626.143,65464.0,10.0,11.286,35195.612,5.564,169.837,566.498,0.087,0.098,0.66,,,,,,,,,28472887.0,21192.0,250.025,0.186,19245.0,0.169,0.0093,107.8,people tested,169574232.0,78326578.0,73875746.0,21232041.0,227791.0,34695.0,146.74,67.78,63.93,18.37,300.0,7772.0,0.007,25.41,351.873,25.2,4.803,2.661,7599.188,,370.437,7.07,7.8,40.8,78.463,1.0,71.23,0.718,115559008.0,237427.8,15.0,-4.07,2054.60226865222
Asia,Qatar,QAT,2023-01-07,490493.0,57.0,152.143,685.0,0.0,0.0,181992.267,21.149,56.451,254.162,0.0,0.0,0.74,,,,,,,,,7574423.0,14144.0,2817.619,5.261,14321.0,5.327,,,tests performed,7601367.0,2850159.0,2850158.0,1901050.0,4802.0,227.0,282.04,105.75,105.75,70.54,84.0,59.0,0.002,11.11,227.322,31.9,1.307,0.617,116935.6,,176.69,16.52,0.8,26.9,,1.2,80.23,0.848,2695131.0,1342.0,21.32,19.33,497.934979783914
Asia,Saudi Arabia,SAU,2023-01-07,827190.0,18.0,26.571,9529.0,1.0,1.571,22719.492,0.494,0.73,261.722,0.027,0.043,0.84,,,,,,,,,43251385.0,28668.0,1203.085,0.797,29372.0,0.817,0.0347,28.9,tests performed,68148406.0,26951666.0,25351683.0,10793985.0,113359.0,25787.0,187.18,74.03,69.63,29.65,708.0,3552.0,0.01,11.11,15.322,31.9,3.295,1.845,49045.411,,259.538,17.72,1.8,25.4,,2.7,75.13,0.854,36408824.0,,,,
Asia,Singapore,SGP,2023-01-07,2207670.0,684.0,779.429,1712.0,0.0,0.143,391637.641,121.341,138.27,303.706,0.0,0.025,0.87,,,,,3.0,0.532,149.0,26.432,,24000.0,,4.401,24000.0,4.401,0.1627,6.1,samples tested,14727569.0,5160943.0,5119159.0,4440289.0,3779.0,1692.0,261.27,91.55,90.81,78.77,300.0,152.0,0.003,17.59,7915.731,42.4,12.922,7.049,85535.383,,92.243,10.99,5.2,28.3,,2.4,83.62,0.938,5637022.0,4676.5,7.58,17.94,829.604709720842
Asia,South Korea,KOR,2023-01-07,29520600.0,46766.0,57685.714,32590.0,34.0,53.0,569721.889,902.543,1113.284,628.959,0.656,1.023,0.95,623.0,12.023,2130.0,41.107,463.0,8.935,1280.0,24.703,100269452.0,145445.0,1934.578,2.806,116619.0,2.25,0.0687,14.5,people tested,129647782.0,44867730.0,44448311.0,41325954.0,1775.0,1675.0,250.21,86.59,85.78,79.76,32.0,190.0,0.0,11.11,527.967,43.4,13.914,8.622,35938.374,0.2,85.998,6.8,6.2,40.9,,12.27,83.03,0.916,51815808.0,42917.2,5.36,5.33,828.264609904375
Asia,Sri Lanka,LKA,2023-01-07,671927.0,4.0,5.143,16818.0,0.0,0.143,30776.951,0.183,0.236,770.332,0.0,0.007,0.89,,,,,,,,,7691045.0,1111.0,353.231,0.051,1204.0,0.055,0.0083,120.4,tests performed,40116590.0,17143761.0,14752827.0,8220002.0,14667.0,9386.0,183.75,78.53,67.57,37.65,430.0,908.0,0.004,19.44,341.955,34.1,10.069,5.331,11669.077,0.7,197.093,10.68,0.3,27.0,,3.6,76.98,0.782,21832150.0,,,,
Asia,Syria,SYR,2023-01-07,57423.0,0.0,0.0,3163.0,0.0,0.0,2595.361,0.0,0.0,142.959,0.0,0.0,0.02,,,,,,,,,175957.0,,8.251,,221.0,0.01,0.0052,193.4,tests performed,4940436.0,3179030.0,2226318.0,75881.0,30134.0,2505.0,22.33,14.37,10.06,0.34,113.0,1972.0,0.009,11.11,,21.7,,2.577,,,376.264,,,,70.598,1.5,72.7,0.567,22125242.0,,,,
Asia,Taiwan,TWN,2023-01-07,9031781.0,24410.0,26345.857,15506.0,61.0,36.143,378003.236,1021.621,1102.642,648.966,2.553,1.513,1.17,,,,,,,,,13021521.0,64492.0,545.749,2.703,66864.0,2.802,0.7838,1.3,people tested,64721772.0,21829864.0,20627469.0,22264439.0,48723.0,37674.0,270.88,91.36,86.33,93.18,1577.0,785.0,0.003,21.3,,42.2,,8.353,,,103.957,,,,,,80.46,,23893396.0,17385.3,3.29,21.39,727.619464390914
Asia,Tajikistan,TJK,2023-01-07,17786.0,0.0,0.0,125.0,0.0,0.0,1787.037,0.0,0.0,12.559,0.0,0.0,-0.0,,,,,,,,,,,,,,,,,,18871161.0,5311967.0,5170582.0,5200841.0,113265.0,32665.0,189.61,53.37,51.95,52.26,3282.0,277.0,0.003,8.33,64.281,23.3,3.466,2.155,2896.913,4.8,427.698,7.11,,,72.704,4.8,71.1,0.668,9952789.0,9879.4,30.17,0.38,992.626287968126
Asia,Thailand,THA,2023-01-07,4723618.0,1810.0,258.571,33650.0,56.0,8.0,65883.041,25.245,3.606,469.336,0.781,0.112,1.37,,,,,,,,,24733803.0,7706.0,345.439,0.108,11151.0,0.156,0.3146,3.2,tests performed,142635014.0,57005497.0,53486086.0,32143431.0,34265.0,18484.0,198.94,79.51,74.6,44.83,258.0,1470.0,0.002,5.56,135.132,40.1,11.373,6.89,16277.671,0.1,109.861,7.04,1.9,38.8,90.67,2.1,77.15,0.777,71697024.0,140635.3,9.57,18.07,1961.52214072372
Asia,Timor,TLS,2023-01-07,23402.0,0.0,2.286,138.0,0.0,0.0,17447.279,0.0,1.704,102.885,0.0,0.0,0.21,,,,,,,,,264839.0,504.0,200.493,0.382,145.0,0.11,0.0039,253.9,tests performed,1977638.0,877982.0,788452.0,311204.0,7881.0,1851.0,147.44,65.46,58.78,23.2,1380.0,311.0,0.023,20.6,87.176,18.0,3.556,1.897,6570.102,30.3,335.346,6.86,6.3,78.1,28.178,5.9,69.5,0.606,1341298.0,,,,
Asia,Turkey,TUR,2023-01-07,17042722.0,123084.0,17583.429,101492.0,289.0,41.286,199700.876,1442.257,206.037,1189.249,3.386,0.484,-0.01,,,,,,,,,163164533.0,128854.0,1924.668,1.52,134604.0,1.588,0.0077,130.4,tests performed,152543341.0,57941051.0,53176961.0,41425329.0,5221.0,3252.0,178.75,67.89,62.31,48.54,38.0,203.0,0.0,11.11,104.914,31.6,8.153,5.061,25129.341,0.2,171.285,12.13,14.1,41.1,,2.81,77.69,0.82,85341248.0,,,,
Asia,Turkmenistan,TKM,2022-09-04,,,,,,,,,,,,,,,,,,,,,,,,,,,,,,,13514000.0,3728000.0,3689000.0,3340000.0,,35022.0,210.15,57.97,57.36,51.94,5446.0,4165.0,0.065,,12.253,26.9,4.277,2.541,16389.023,,536.783,7.11,,,100.0,7.4,68.19,0.715,6430777.0,,,,
Asia,United Arab Emirates,ARE,2023-01-07,1047371.0,0.0,51.857,2348.0,0.0,0.0,110936.944,0.0,5.493,248.699,0.0,0.0,0.97,,,,,,,,,168522672.0,325016.0,17994.67,34.705,313964.0,33.525,0.0049,205.6,tests performed,24922054.0,9991089.0,9792266.0,5138699.0,6152.0,848.0,263.97,105.83,103.72,54.43,90.0,0.0,0.0,13.89,112.442,34.0,1.144,0.526,67293.483,,317.84,17.26,1.2,37.4,,1.2,77.97,0.89,9441138.0,,,,
Asia,Uzbekistan,UZB,2023-01-07,249867.0,0.0,92.857,1637.0,0.0,0.0,7215.824,0.0,2.682,47.274,0.0,0.0,0.12,,,,,,,,,,,,,,,,,,71888007.0,21283789.0,17707137.0,14721017.0,145313.0,28363.0,207.6,61.46,51.14,42.51,819.0,874.0,0.003,5.56,76.134,28.2,4.469,2.873,6253.104,,724.417,7.57,1.3,24.7,,4.0,71.72,0.72,34627648.0,52226.9,12.19,21.81,1508.24277756318
Asia,Vietnam,VNM,2023-01-07,11525711.0,65.0,68.571,43186.0,0.0,0.0,117385.478,0.662,0.698,439.835,0.0,0.0,0.63,,,,,,,,,85824349.0,56715.0,880.538,0.582,620.0,0.006,0.9523,1.1,people tested,265114272.0,90399369.0,85553108.0,57426889.0,66330.0,34168.0,270.01,92.07,87.13,58.49,348.0,3576.0,0.004,23.15,308.127,32.6,7.15,4.718,6171.884,2.0,245.465,6.0,1.0,45.9,85.847,2.6,75.4,0.704,98186856.0,,,,
Asia,Yemen,YEM,2023-01-07,11945.0,0.0,0.0,2159.0,0.0,0.0,354.487,0.0,0.0,64.072,0.0,0.0,0.0,,,,,,,,,336937.0,,10.216,,84.0,0.003,0.0,587.4,tests performed,1238962.0,1003208.0,757050.0,59240.0,,2241.0,3.68,2.98,2.25,0.18,67.0,0.0,0.0,5.56,53.508,20.3,2.922,1.583,1479.147,18.8,495.003,5.35,7.6,29.2,49.542,0.7,66.12,0.47,33696612.0,,,,
Europe,Albania,ALB,2023-01-07,333916.0,29.0,15.714,3596.0,0.0,0.143,117480.169,10.203,5.529,1265.165,0.0,0.05,0.88,,,,,,,,,1613870.0,957.0,565.336,0.335,375.0,0.131,0.4263,2.3,tests performed,3025728.0,1342243.0,1270016.0,377057.0,2541.0,592.0,106.45,47.22,44.68,13.27,208.0,59.0,0.002,11.11,104.871,38.0,13.188,8.643,11803.431,1.1,304.195,10.08,7.1,51.2,,2.89,78.57,0.795,2842318.0,16360.9,27.36,-16.11,5756.18210207303
Europe,Andorra,AND,2023-01-07,47781.0,0.0,4.286,165.0,0.0,0.0,598436.932,0.0,53.677,2066.556,0.0,0.0,0.84,,,,,,,,,300307.0,,3799.719,,91.0,1.151,0.7049,1.4,tests performed,154367.0,57901.0,53485.0,42981.0,1973.0,2.0,193.34,72.52,66.99,53.83,25.0,0.0,0.0,5.56,163.755,,,,,,109.135,7.97,29.0,37.8,,,83.73,0.868,79843.0,89.6,27.2,31.41,1122.20232205704
Europe,Austria,AUT,2023-01-07,5724215.0,1641.0,2731.714,21484.0,2.0,5.857,640319.938,183.565,305.574,2403.235,0.224,0.655,0.87,73.0,8.166,1163.0,130.095,,,,,189791719.0,97659.0,21272.133,10.946,86208.0,9.662,0.0809,12.4,tests performed,20263306.0,6895915.0,6822860.0,6733783.0,9381.0,6753.0,226.67,77.14,76.32,75.33,755.0,63.0,0.001,35.19,106.749,44.4,19.202,13.748,45436.686,0.7,145.183,6.35,28.4,30.9,,7.37,81.54,0.922,8939617.0,21457.8,8.86,15.57,2400.304174105
Europe,Belarus,BLR,2023-01-07,994037.0,0.0,0.0,7118.0,0.0,0.0,104251.871,0.0,0.0,746.516,0.0,0.0,-0.0,,,,,,,,,13220483.0,9650.0,1380.273,1.007,7068.0,0.738,0.0404,24.8,tests performed,17358735.0,6518021.0,6403134.0,4612801.0,,40085.0,182.05,68.36,67.15,48.38,4204.0,39.0,0.0,5.56,46.858,40.3,14.799,9.788,17167.967,,443.129,5.18,10.5,46.1,,11.0,74.79,0.823,9534956.0,31222.4,20.4,1.61,3274.51956778825
Europe,Belgium,BEL,2023-01-07,4682234.0,13986.0,1998.0,33395.0,167.0,23.857,401704.267,1199.905,171.415,2865.067,14.327,2.047,0.63,100.0,8.579,1506.0,129.205,,,671.0,57.567,34315605.0,4743.0,2955.332,0.408,11433.0,0.985,0.26,3.8,tests performed,29586778.0,9264241.0,9166940.0,11586172.0,1037.0,706.0,253.83,79.48,78.65,99.4,61.0,20.0,0.0,14.81,375.564,41.8,18.571,12.849,42658.576,0.2,114.898,4.29,25.1,31.4,,5.64,81.63,0.931,11655923.0,25293.1,8.01,-1.2,2169.97830201864
Europe,Bosnia and Herzegovina,BIH,2023-01-07,401083.0,0.0,13.0,16234.0,0.0,1.0,124038.744,0.0,4.02,5020.519,0.0,0.309,0.87,,,,,,,,,1499302.0,4188.0,458.37,1.28,3502.0,1.071,0.227,4.4,tests performed,1924950.0,943394.0,846080.0,120530.0,66884.0,4315.0,59.53,29.18,26.17,3.73,1334.0,954.0,0.03,25.93,68.496,42.5,16.569,10.711,11713.895,0.2,329.635,10.08,30.2,47.7,97.164,3.5,77.4,0.78,3233530.0,22969.7,23.2,16.87,7103.59885326563
Europe,Bulgaria,BGR,2023-01-07,1293216.0,74.0,158.857,38122.0,0.0,2.0,190684.839,10.911,23.424,5621.093,0.0,0.295,0.82,32.0,4.718,387.0,57.063,,,,,10080207.0,4881.0,1463.898,0.709,3104.0,0.451,0.0777,12.9,tests performed,4603854.0,2104752.0,2074968.0,768430.0,8.0,118.0,67.88,31.03,30.6,11.33,17.0,19.0,0.0,11.11,65.18,44.7,20.801,13.272,18563.307,1.5,424.688,5.81,30.1,44.4,,7.454,75.05,0.816,6781955.0,68089.7,22.21,0.11,10039.8336467877
Europe,Croatia,HRV,2023-01-07,1265333.0,46.0,204.571,17669.0,9.0,10.429,313950.289,11.413,50.758,4383.975,2.233,2.588,1.03,,,587.0,145.645,,,515.0,127.838,4922712.0,5587.0,1212.45,1.376,1521.0,0.375,0.2167,4.6,people tested,5355113.0,2320717.0,2250609.0,594785.0,3.0,166.0,132.87,57.58,55.84,14.76,41.0,7.0,0.0,11.11,73.726,44.0,19.724,13.053,22669.797,0.7,253.782,5.59,34.3,39.9,,5.54,78.49,0.851,4030361.0,21951.5,14.98,-4.7,5446.53444195197
Europe,Cyprus,CYP,2023-01-07,634709.0,3598.0,514.0,1262.0,0.0,0.571,708375.046,4015.594,573.656,1408.471,0.0,0.638,1.28,2.0,2.232,77.0,85.937,1.0,1.116,57.0,63.616,29501771.0,67206.0,32925.826,75.006,67201.0,75.001,0.0256,39.1,tests performed,1797542.0,670969.0,646021.0,480552.0,1437.0,35.0,200.62,74.88,72.1,53.63,39.0,12.0,0.001,11.11,127.657,37.3,13.416,8.563,32415.132,,141.171,9.24,19.6,52.7,,3.4,80.98,0.887,896007.0,1902.5,10.57,15.88,2123.3093045032
Europe,Czechia,CZE,2023-01-07,4582860.0,375.0,426.429,42196.0,10.0,9.286,436712.823,35.735,40.636,4020.968,0.953,0.885,0.71,43.0,4.098,446.0,42.501,41.0,3.907,549.0,52.316,54587458.0,4000.0,5193.488,0.381,3708.0,0.353,0.111,9.0,tests performed,18594754.0,6976184.0,6892020.0,5137978.0,172.0,682.0,177.19,66.48,65.68,48.96,65.0,19.0,0.0,11.11,137.176,43.3,19.027,11.58,32605.906,,227.485,6.82,30.5,38.3,,6.63,79.38,0.9,10493990.0,43855.3,13.54,2.99,4179.0872680458
Europe,Denmark,DNK,2023-01-07,3393890.0,563.0,1150.571,7889.0,13.0,18.714,576970.514,95.712,195.6,1341.151,2.21,3.181,0.73,14.0,2.38,594.0,100.982,,,706.0,120.022,64649913.0,7934.0,11043.263,1.355,7179.0,1.226,0.194,5.2,tests performed,13167977.0,4795493.0,4760067.0,3658471.0,101.0,67.0,223.86,81.52,80.92,62.2,11.0,7.0,0.0,11.11,136.52,42.3,19.677,12.325,46682.515,0.2,114.767,6.41,19.3,18.8,,2.5,80.9,0.94,5882259.0,3375.1,2.06,5.58,573.776163205326
Europe,England,OWID_ENG,2023-01-04,,,,,,,,,,,,,,212.0,3.749,9332.0,165.022,,,6967.0,123.201,,,,,,,,,,144310225.0,45381902.0,42887958.0,63745083.0,198.0,6623.0,255.19,80.25,75.84,112.72,117.0,410.0,0.001,,,,,,,,,,,,,,,,56550000.0,,,,
Europe,Estonia,EST,2023-01-07,612451.0,560.0,80.0,2872.0,18.0,5.0,461856.29,422.302,60.329,2165.808,13.574,3.771,1.29,9.0,6.787,282.0,212.659,2.0,1.504,259.0,195.479,3425068.0,1246.0,2577.757,0.938,993.0,0.747,0.1183,8.5,tests performed,2101596.0,868574.0,848136.0,590756.0,151.0,162.0,158.48,65.5,63.96,44.55,122.0,9.0,0.001,11.11,31.033,42.7,19.452,13.491,29481.252,0.5,255.569,4.02,24.5,39.3,,4.69,78.74,0.892,1326064.0,4596.5,10.12,6.81,3466.273121056
Europe,Faeroe Islands,FRO,2023-01-07,34658.0,0.0,0.0,28.0,0.0,0.0,652484.139,0.0,0.0,527.138,0.0,0.0,,,,,,,,,,777845.0,391.0,14707.401,7.393,539.0,10.191,0.6621,1.5,people tested,103894.0,41715.0,40895.0,21284.0,42.0,26.0,195.59,78.53,76.99,40.07,489.0,2.0,0.004,11.11,35.308,,,,,,,,,,,,80.67,,53117.0,-20.0,-1.63,-14.45,-376.527288815257
Europe,Finland,FIN,2023-01-07,1446397.0,8192.0,1170.286,8263.0,330.0,47.143,261047.386,1478.502,211.215,1491.316,59.559,8.508,0.12,17.0,3.068,930.0,167.847,,,,,11038890.0,4591.0,1994.022,0.829,4001.0,0.723,0.331,3.0,tests performed,13155024.0,4524275.0,4347467.0,4283282.0,5922.0,850.0,237.42,81.65,78.46,77.31,153.0,4.0,0.0,18.52,18.136,42.8,21.228,13.264,40585.721,,153.507,5.76,18.3,22.6,,3.28,81.91,0.938,5540745.0,8540.4,5.42,11.7,1541.38116805592
Europe,France,FRA,2023-01-07,39432196.0,10383.0,14017.571,162719.0,0.0,98.286,581484.317,153.112,206.709,2399.525,0.0,1.449,0.74,1352.0,19.937,22664.0,334.213,676.0,9.969,6153.0,90.735,278234000.0,179427.0,4126.754,2.661,201691.0,2.991,0.227,4.4,people tested,153563470.0,54632622.0,53136815.0,46876001.0,47109.0,25825.0,226.45,80.56,78.36,69.13,381.0,372.0,0.001,11.11,122.578,42.0,19.718,13.079,38605.671,,86.06,4.77,30.1,35.6,,5.98,82.66,0.901,67813000.0,101971.9,5.81,-8.67,1503.72200020645
Europe,Germany,DEU,2023-01-07,37509539.0,13169.0,19953.429,162688.0,170.0,174.714,449917.368,157.959,239.336,1951.401,2.039,2.096,1.18,1276.0,15.305,,,996.0,11.947,6497.0,77.93,131286804.0,,1574.021,,88471.0,1.061,0.418,2.4,tests performed,190503164.0,64850275.0,63538162.0,64408836.0,8645.0,6594.0,228.5,77.79,76.21,77.26,79.0,99.0,0.0,14.81,237.016,46.6,21.453,15.957,45229.245,,156.139,8.31,28.2,33.1,,8.0,81.33,0.947,83369840.0,151561.1,5.41,13.33,1817.93679824742
Europe,Gibraltar,GIB,2023-01-07,20342.0,0.0,9.571,111.0,0.0,0.143,622517.367,0.0,292.91,3396.885,0.0,4.372,,,,,,,,,,533268.0,514.0,16322.865,15.733,553.0,16.927,0.0858,11.7,tests performed,132810.0,42175.0,41465.0,49170.0,202.0,54.0,406.43,129.07,126.89,150.47,1653.0,0.0,0.0,,3457.1,,,,,,,,,,,,79.93,,32677.0,19.6,5.77,157.23,599.810264100132
Europe,Greece,GRC,2023-01-07,5548487.0,0.0,0.0,34779.0,0.0,0.0,534280.401,0.0,0.0,3348.974,0.0,0.0,0.29,,,,,43.0,4.12,1312.0,126.327,84483362.0,73217.0,8088.12,7.01,95227.0,9.117,0.0827,12.1,samples tested,22030879.0,7932558.0,7643032.0,7033731.0,66.0,1964.0,212.14,76.38,73.6,67.73,189.0,23.0,0.0,14.81,83.479,45.3,20.396,14.524,24574.382,1.5,175.695,4.55,35.3,52.0,,4.21,82.24,0.888,10384972.0,37000.2,10.32,5.22,3562.8598709751
Europe,Guernsey,GGY,2022-12-19,,,,,,,,,,,,,,,,,,,,,,,,,,,,,,,178525.0,54223.0,52710.0,69339.0,754.0,91.0,281.9,85.62,83.23,109.49,1437.0,0.0,0.0,,,,,,,,,,,,,,,,63329.0,,,,
Europe,Hungary,HUN,2023-01-07,2188737.0,2921.0,417.286,48546.0,51.0,7.286,219591.677,293.058,41.865,4870.525,5.117,0.731,0.93,,,1499.0,150.392,,,,,10943720.0,39094.0,1127.081,4.026,4344.0,0.447,0.2219,4.5,tests performed,16701238.0,6420813.0,6207249.0,4316982.0,93527.0,821.0,167.56,64.42,62.28,43.31,82.0,16.0,0.0,5.56,108.043,43.4,18.577,11.976,26777.561,0.5,278.296,7.55,26.8,34.8,,7.02,76.88,0.854,9967304.0,40047.6,10.7,-1.43,4017.89691575576
Europe,Iceland,ISL,2023-01-07,208298.0,324.0,46.286,229.0,0.0,0.0,558584.94,868.859,124.123,614.101,0.0,0.0,0.02,1.0,2.682,20.0,53.633,,,14.0,37.962,1373785.0,632.0,3709.574,1.707,460.0,1.242,,,tests performed,805469.0,309770.0,290193.0,250542.0,1925.0,61.0,216.0,83.07,77.82,67.19,164.0,10.0,0.003,5.56,3.404,37.3,14.431,9.207,46482.958,0.2,117.992,5.31,14.3,15.2,,2.91,82.99,0.949,372903.0,357.5,5.45,-13.15,958.694352150559
Europe,Ireland,IRL,2023-01-07,1693847.0,6179.0,882.714,8339.0,46.0,6.571,337210.946,1230.115,175.731,1660.128,9.158,1.308,0.27,12.0,2.389,557.0,110.888,6.0,1.198,640.0,127.439,12347313.0,5553.0,2476.135,1.114,5178.0,1.038,0.32,3.1,tests performed,11093897.0,4104721.0,4057448.0,3172836.0,397.0,291.0,220.86,81.72,80.78,63.16,58.0,29.0,0.001,11.11,69.874,38.7,13.928,8.678,67335.293,0.2,126.459,3.28,23.0,25.7,,2.96,82.3,0.955,5023108.0,4912.8,5.47,13.33,978.039890840492
Europe,Isle of Man,IMN,2023-01-07,38008.0,0.0,0.0,116.0,0.0,0.0,449617.905,0.0,0.0,1372.229,0.0,0.0,,,,,,,,,,,,,,,,,,,189994.0,69560.0,67106.0,53328.0,1.0,4.0,224.75,82.29,79.38,63.08,47.0,0.0,0.0,,147.872,,,,,,,,,,,,81.4,,84534.0,,,,
Europe,Italy,ITA,2023-01-07,25279682.0,135977.0,19425.286,185417.0,775.0,110.714,428197.23,2303.232,329.033,3140.666,13.127,1.875,1.31,319.0,5.403,8035.0,136.1,249.0,4.218,3360.0,56.913,224876148.0,246512.0,3795.998,4.161,193140.0,3.26,0.2053,4.9,tests performed,143447547.0,50866736.0,47975098.0,46114061.0,6046.0,9578.0,242.98,86.16,81.26,78.11,162.0,87.0,0.0,19.21,205.859,47.9,23.021,16.24,35220.084,2.0,113.151,4.78,19.8,27.8,,3.18,83.51,0.892,59037472.0,215481.3,12.21,3.58,3649.90729955375
Europe,Jersey,JEY,2023-01-01,,,,,,,,,,,,,,,,,,,,,,,,,,,,,,,266351.0,84344.0,81847.0,73634.0,,16.0,240.4,76.13,73.87,66.46,144.0,1.0,0.001,,,,,,,,,,,,,,,,110796.0,,,,
Europe,Kosovo,OWID_KOS,2023-01-07,272335.0,12.0,7.429,3202.0,0.0,0.0,152815.615,6.734,4.168,1796.742,0.0,0.0,1.52,,,,,,,,,1846365.0,1719.0,1036.053,0.965,214.0,0.12,0.0754,13.3,tests performed,1837142.0,906706.0,824992.0,105444.0,4.0,7.0,103.09,50.88,46.29,5.92,4.0,4.0,0.0,25.04,168.155,,,,9795.834,0.6,,,,,,,,,1782115.0,5548.2,19.75,-14.39,3113.26710116912
Europe,Latvia,LVA,2023-01-07,974529.0,0.0,99.857,6177.0,0.0,2.286,526586.277,0.0,53.958,3337.739,0.0,1.235,0.84,4.0,2.161,294.0,158.863,9.0,4.754,381.0,205.998,7263566.0,2035.0,3876.137,1.086,1888.0,1.008,0.1238,8.1,tests performed,2895716.0,1346184.0,1305976.0,529562.0,77.0,119.0,156.47,72.74,70.57,28.61,64.0,15.0,0.001,0.0,31.212,43.9,19.754,14.136,25063.846,0.7,350.06,4.91,25.6,51.0,,5.57,75.29,0.866,1850654.0,9231.9,11.33,11.36,4988.45273076437
Europe,Liechtenstein,LIE,2023-01-07,21318.0,0.0,6.0,88.0,0.0,0.0,541684.665,0.0,152.458,2236.056,0.0,0.0,0.85,,,,,,,2.0,51.21,90632.0,248.0,2321.576,6.353,220.0,5.635,0.344,2.9,tests performed,74154.0,26763.0,26458.0,21925.0,54.0,0.0,188.42,68.0,67.23,55.71,0.0,0.0,0.0,11.11,237.012,,,,,,,7.77,,,,2.397,82.49,0.919,39355.0,57.4,8.74,-12.37,1458.51861262864
Europe,Lithuania,LTU,2023-01-07,1290888.0,301.0,359.143,9497.0,0.0,2.286,469403.918,109.452,130.595,3453.382,0.0,0.831,1.01,,,141.0,51.272,,,,,8718186.0,136.0,3128.553,0.049,751.0,0.269,0.212,4.7,tests performed,4540741.0,1956479.0,1879935.0,943529.0,228.0,125.0,165.11,71.14,68.36,34.31,45.0,7.0,0.0,11.11,45.135,43.5,19.002,13.778,29524.265,0.7,342.989,3.67,21.3,38.0,,6.56,75.93,0.882,2750058.0,21865.1,20.74,3.83,7950.7777654144
Europe,Luxembourg,LUX,2023-01-07,313505.0,0.0,251.286,1195.0,0.0,2.429,484102.094,0.0,388.026,1845.272,0.0,3.75,0.41,2.0,3.088,44.0,67.943,1.0,1.575,49.0,75.623,4299901.0,2293.0,6725.731,3.587,1630.0,2.55,0.376,2.7,tests performed,1371193.0,481903.0,462574.0,455904.0,19.0,11.0,211.73,74.41,71.43,70.4,17.0,0.0,0.0,11.11,231.447,39.7,14.312,9.842,94277.965,0.2,128.275,4.42,20.9,26.0,,4.51,82.25,0.916,647601.0,-143.6,-1.1,-12.54,-221.74147353077
Europe,Malta,MLT,2023-01-07,116630.0,37.0,35.143,821.0,1.0,0.857,218697.789,69.38,65.898,1539.491,1.875,1.607,1.36,0.0,0.0,77.0,144.386,1.0,1.938,13.0,25.189,1950858.0,1892.0,3703.589,3.592,1440.0,2.734,0.2334,4.3,tests performed,1377388.0,478576.0,471340.0,461853.0,54.0,66.0,258.28,89.74,88.38,86.6,124.0,3.0,0.001,11.11,1454.037,42.4,19.426,11.324,36513.323,0.2,168.711,8.83,20.9,30.2,,4.485,82.53,0.895,533293.0,701.2,6.39,8.48,1314.84943548856
Europe,Moldova,MDA,2023-01-07,596914.0,364.0,52.0,11936.0,0.0,0.429,182375.581,111.213,15.888,3646.815,0.0,0.131,0.99,,,,,,,,,,2711.0,,0.886,12754.0,4.166,0.2407,4.2,tests performed,2266205.0,1104450.0,1073914.0,389262.0,1079.0,425.0,69.24,33.74,32.81,11.89,130.0,56.0,0.002,5.56,123.655,37.6,10.864,6.955,5189.972,0.2,408.502,5.72,5.9,44.6,86.979,5.8,71.9,0.75,3272993.0,18064.9,18.86,7.24,5519.38241236691
Europe,Monaco,MCO,2023-01-07,15992.0,0.0,6.286,65.0,0.0,0.0,438245.047,0.0,172.254,1781.261,0.0,0.0,0.73,,,,,,,,,,,,,,,,,,65140.0,28875.0,25667.0,10598.0,,158.0,178.51,79.13,70.34,29.04,4330.0,23.0,0.063,11.11,19347.5,,,,,,,5.46,,,,13.8,86.75,,36491.0,171.3,12.91,26.03,4694.30818558
Europe,Montenegro,MNE,2023-01-07,285031.0,0.0,39.286,2791.0,0.0,0.0,454535.452,0.0,62.648,4450.774,0.0,0.0,1.16,,,,,,,,,,,,,,,,,,679171.0,292783.0,284869.0,101519.0,266.0,91.0,108.31,46.69,45.43,16.19,145.0,29.0,0.005,,46.28,39.1,14.762,9.395,16409.288,1.0,387.305,10.08,44.0,47.9,,3.861,76.88,0.829,627082.0,3375.2,20.38,-0.35,5382.3901818263
Europe,Netherlands,NLD,2023-01-07,8585496.0,2535.0,773.286,23079.0,0.0,0.0,488811.559,144.329,44.027,1313.993,0.0,0.0,1.22,31.0,1.765,595.0,33.876,28.0,1.594,517.0,29.435,30687346.0,6207.0,1753.393,0.355,4928.0,0.282,0.685,1.5,tests performed,36104942.0,12775557.0,11957652.0,9417108.0,,1974.0,205.56,72.74,68.08,53.62,112.0,64.0,0.0,11.11,508.544,43.2,18.779,11.881,48472.545,,109.361,5.29,24.4,27.3,,3.32,82.28,0.944,17564020.0,38405.9,8.35,16.72,2186.62356339836
Europe,North Macedonia,MKD,2023-01-07,345857.0,254.0,36.286,9614.0,0.0,0.0,165196.794,121.322,17.332,4592.077,0.0,0.0,0.27,,,,,,,,,2074132.0,1124.0,986.118,0.534,792.0,0.377,0.0743,13.5,tests performed,1862610.0,854452.0,838048.0,161561.0,3869.0,8.0,88.97,40.81,40.03,7.72,4.0,2.0,0.0,,82.6,39.1,13.26,8.16,13111.214,5.0,322.688,10.08,,,,4.28,75.8,0.774,2093606.0,16361.2,28.99,-9.23,7814.84195211516
Europe,Northern Ireland,OWID_NIR,2023-01-04,,,,,,,,,,,,,,1.0,0.527,340.0,179.325,,,129.0,68.038,,,,,,,,,,4470026.0,1429794.0,1359918.0,1046430.0,738.0,331.0,235.76,75.41,71.73,55.19,175.0,4.0,0.0,,,,,,,,,,,,,,,,1896000.0,,,,
Europe,Norway,NOR,2023-01-07,1476206.0,65.0,161.286,4859.0,89.0,27.0,271644.826,11.961,29.679,894.131,16.377,4.968,1.01,,,467.0,85.935,7.0,1.298,81.0,14.839,11154564.0,1943.0,2064.505,0.36,1723.0,0.319,0.322,3.1,people tested,12145560.0,4346995.0,4054726.0,3743839.0,3.0,2914.0,223.5,79.99,74.61,68.89,536.0,19.0,0.0,11.11,14.462,39.7,16.821,10.813,64800.057,0.2,114.316,5.31,19.6,20.7,,3.6,82.4,0.957,5434324.0,5257.2,4.42,10.23,967.406433624495
Europe,Poland,POL,2023-01-07,6371116.0,120.0,376.714,118586.0,19.0,10.571,159848.784,3.011,9.452,2975.276,0.477,0.265,1.0,,,3086.0,77.427,,,,,36962382.0,,964.881,,3366.0,0.088,0.0591,16.9,tests performed,57811419.0,22856159.0,22629245.0,15203484.0,356.0,3669.0,145.05,57.35,56.78,38.14,92.0,887.0,0.002,9.26,124.027,41.8,16.763,10.202,27216.445,,227.331,5.91,23.3,33.1,,6.62,78.73,0.88,39857144.0,172532.2,14.03,-8.48,4328.76475042968
Europe,Portugal,PRT,2023-01-07,5557941.0,3883.0,554.714,25805.0,91.0,13.0,541137.025,378.06,54.009,2512.449,8.86,1.266,0.48,34.0,3.31,571.0,55.594,,,,,42825431.0,52990.0,4161.808,5.15,48792.0,4.742,0.5063,2.0,tests performed,27762439.0,9770966.0,8884382.0,7016620.0,,26556.0,270.3,95.13,86.5,68.32,2586.0,60.0,0.001,11.11,112.371,46.2,21.502,14.924,27936.896,0.5,127.842,9.85,16.3,30.0,,3.39,82.05,0.864,10270857.0,28928.8,8.65,14.1,2816.59067008722
Europe,Romania,ROU,2023-01-07,3312085.0,3605.0,515.0,67408.0,34.0,4.857,168474.465,183.374,26.196,3428.815,1.729,0.247,0.01,96.0,4.883,946.0,48.12,,,,,21260367.0,,1099.946,,75700.0,3.916,0.0565,17.7,tests performed,16827486.0,8185732.0,8114769.0,,1208.0,1208.0,85.6,41.64,41.28,,61.0,6162.0,0.031,11.11,85.129,43.0,17.85,11.69,23313.199,5.7,370.946,9.74,22.9,37.1,,6.892,76.05,0.828,19659270.0,118990.7,16.07,-11.7,6052.65098856672
Europe,Russia,RUS,2023-01-07,21515655.0,3284.0,3591.429,386105.0,48.0,45.143,148677.787,22.693,24.818,2668.068,0.332,0.312,0.82,,,,,,,4112.0,28.415,295244836.0,331438.0,2034.729,2.284,139842.0,0.964,0.0283,35.3,tests performed,183894218.0,87673830.0,78930288.0,19528894.0,498190.0,1902.0,127.07,60.58,54.54,13.49,13.0,1044.0,0.001,11.11,8.823,39.6,14.178,9.393,24765.954,0.1,431.297,6.18,23.4,58.3,,8.05,72.58,0.824,144713312.0,1240195.9,25.14,2.41,8570.01946026914
Europe,San Marino,SMR,2023-01-07,23176.0,168.0,26.0,121.0,0.0,0.0,687919.264,4986.643,771.742,3591.57,0.0,0.0,1.06,,,,,,,,,,,,,,,,,,69338.0,26357.0,23633.0,19348.0,9.0,4.0,205.81,78.23,70.15,57.43,119.0,0.0,0.0,11.11,556.667,,,,56861.47,,,5.64,,,,3.8,84.97,,33690.0,138.0,18.62,23.76,4096.17097061443
Europe,Scotland,OWID_SCT,2022-12-19,,,,,,,,,,,,,,8.0,1.464,967.0,176.912,,,370.0,67.691,,,,,,,,,,13014285.0,4549556.0,4285946.0,3594835.0,813.0,839.0,238.1,83.23,78.41,65.77,153.0,67.0,0.001,,,,,,,,,,,,,,,,5466000.0,,,,
Europe,Serbia,SRB,2023-01-07,2452493.0,682.0,891.429,17558.0,4.0,5.571,356905.512,99.25,129.727,2555.174,0.582,0.811,0.88,24.0,3.493,265.0,38.565,,,,,9852899.0,7466.0,1433.869,1.087,6317.0,0.919,0.0594,16.8,people tested,8534688.0,3354075.0,3278198.0,1902412.0,221.0,175.0,124.2,48.81,47.71,27.69,25.0,47.0,0.001,11.11,80.291,41.2,17.366,,14048.881,,439.415,10.08,37.7,40.2,97.719,5.609,76.0,0.806,6871547.0,61197.8,20.84,-1.82,8905.97124635835
Europe,Slovakia,SVK,2023-01-07,2658243.0,51.0,135.857,20841.0,3.0,2.571,471031.133,9.037,24.073,3692.951,0.532,0.456,0.93,23.0,4.076,494.0,87.535,3.0,0.549,190.0,33.701,51238482.0,2231.0,9405.66,0.41,2123.0,0.39,0.133,7.5,tests performed,5754313.0,2595901.0,2577827.0,684026.0,,50.0,101.96,46.0,45.68,12.12,9.0,5.0,0.0,11.11,113.128,41.2,15.07,9.167,30155.152,0.7,287.959,7.29,23.1,37.7,,5.82,77.54,0.86,5643455.0,28213.9,18.45,1.62,4999.40196209592
Europe,Slovenia,SVN,2023-01-07,1313501.0,835.0,865.571,7025.0,2.0,2.429,619621.83,393.897,408.319,3313.925,0.943,1.146,0.85,22.0,10.378,125.0,58.967,15.0,7.112,163.0,76.814,5336373.0,3998.0,2517.858,1.886,3172.0,1.497,0.128,7.8,tests performed,2996643.0,1265802.0,1222225.0,657967.0,0.0,67.0,141.36,59.71,57.66,31.04,32.0,5.0,0.0,11.11,102.619,44.5,19.062,12.93,31400.84,,153.493,7.25,20.1,25.0,,4.5,81.32,0.917,2119843.0,5607.0,9.34,-4.07,2645.00720100498
Europe,Spain,ESP,2023-01-07,13693478.0,9220.0,3348.714,117413.0,318.0,73.429,287928.341,193.866,70.412,2468.805,6.686,1.544,1.25,224.0,4.71,3418.0,71.869,169.0,3.554,2940.0,61.818,93162168.0,29943.0,1961.848,0.631,43694.0,0.92,0.31,3.2,tests performed,95804542.0,41310693.0,40657640.0,26000111.0,47657.0,1025.0,201.45,86.86,85.49,54.67,22.0,170.0,0.0,11.11,93.105,45.5,19.436,13.799,34272.36,1.0,99.403,7.17,27.4,31.4,,2.97,83.56,0.904,47558632.0,131543.1,11.0,2.12,2765.91429290901
Europe,Sweden,SWE,2023-01-07,2683356.0,8494.0,1213.429,22142.0,315.0,45.0,254362.236,805.168,115.024,2098.897,29.86,4.266,1.3,46.0,4.36,1148.0,108.822,,,,,18407585.0,2417.0,1758.614,0.231,2417.0,0.231,0.1137,8.8,tests performed,25411723.0,7814933.0,7632713.0,9661503.0,,12146.0,240.88,74.08,72.35,91.58,1151.0,73.0,0.001,14.81,24.718,41.0,19.985,13.433,46949.283,0.5,133.982,4.79,18.8,18.9,,2.22,82.8,0.945,10549349.0,12850.3,4.98,1.34,1218.11307977393
Europe,Switzerland,CHE,2023-01-07,4403682.0,4166.0,595.143,14190.0,0.0,2.429,503826.624,476.633,68.09,1623.482,0.0,0.278,0.38,34.0,3.89,932.0,106.63,,,100.0,11.441,21277734.0,9789.0,2448.135,1.126,9093.0,1.046,0.407,2.5,tests performed,16878918.0,6095341.0,6011639.0,4840655.0,2747.0,988.0,193.11,69.74,68.78,55.38,113.0,11.0,0.0,5.56,214.243,43.1,18.436,12.644,57410.166,,99.739,5.59,22.6,28.9,,4.53,83.78,0.955,8740471.0,15394.1,7.75,-3.46,1761.24375906058
Europe,Ukraine,UKR,2023-01-07,5669552.0,19.0,974.286,118789.0,1.0,14.286,142803.601,0.479,24.54,2992.035,0.025,0.36,0.51,,,,,,,,,19288823.0,96361.0,443.101,2.214,52561.0,1.207,0.6027,1.7,tests performed,31668577.0,15774300.0,15153577.0,741197.0,62935.0,24457.0,79.77,39.73,38.17,1.87,616.0,13420.0,0.034,13.89,77.39,41.4,16.462,11.133,7894.393,0.1,539.849,7.11,13.5,47.4,,8.8,72.06,0.779,39701744.0,179972.2,14.89,1.92,4533.10564896091
Europe,United Kingdom,GBR,2023-01-07,24210131.0,75047.0,10721.0,213966.0,0.0,0.0,358621.131,1111.66,158.809,3169.447,0.0,0.0,0.3,175.0,2.592,10030.0,148.573,,,3961.0,58.674,503270347.0,245960.0,7480.121,3.656,259329.0,3.854,0.0326,30.6,tests performed,151248820.0,53813491.0,50762968.0,40373987.0,5992.0,10905.0,224.04,79.71,75.19,59.81,162.0,933.0,0.001,5.56,272.898,40.8,18.517,12.527,39753.244,0.2,122.137,4.28,20.0,24.7,,2.54,81.32,0.932,67508936.0,176517.9,9.87,8.19,2614.73384797533
Europe,Vatican,VAT,2023-01-07,29.0,0.0,0.0,,,,35891.089,0.0,0.0,,,,,,,,,,,,,,,,,,,,,,,,,,,,,,,,,,,,,,,,,,,,,,,,75.12,,808.0,,,,
Europe,Wales,OWID_WLS,2023-01-03,,,,,,,,,,,,,,21.0,6.625,784.0,247.319,,,109.0,34.385,,,,,,,,,,8568350.0,2591035.0,2471850.0,2075766.0,1189.0,624.0,270.29,81.74,77.98,65.48,197.0,2.0,0.0,,,,,,,,,,,,,,,,3170000.0,,,,
North America,Anguilla,AIA,2023-01-07,3904.0,0.0,0.0,12.0,0.0,0.0,245890.282,0.0,0.0,755.81,0.0,0.0,,,,,,,,,,51382.0,,3261.728,,169.0,10.728,0.0803,12.5,tests performed,24474.0,10853.0,10377.0,3244.0,1421.0,1.0,154.15,68.36,65.36,20.43,63.0,0.0,0.0,,,,,,,,,,,,,,81.88,,15877.0,,,,
North America,Antigua and Barbuda,ATG,2023-01-07,9106.0,0.0,0.0,146.0,0.0,0.0,97107.879,0.0,0.0,1556.968,0.0,0.0,0.0,,,,,,,,,16700.0,,179.146,,26.0,0.279,0.0055,181.8,tests performed,136512.0,64290.0,62384.0,9838.0,305.0,201.0,145.58,68.56,66.53,10.49,2143.0,5.0,0.005,,231.845,32.1,6.933,4.631,21490.943,,191.511,13.17,,,,3.8,77.02,0.778,93772.0,-61.0,-4.75,-24.71,-650.514012711684
North America,Aruba,ABW,2023-01-07,43860.0,108.0,15.429,280.0,0.0,0.0,411989.592,1014.475,144.925,2630.121,0.0,0.0,,,,,,,,,,793.0,428.0,7.443,4.017,,,,,tests performed,174168.0,90166.0,84002.0,,15.0,4.0,163.6,84.7,78.91,,38.0,2.0,0.002,25.93,584.8,41.2,13.085,7.452,35973.781,,,11.62,,,,,76.29,,106459.0,352.2,26.0,11.85,3308.31587747396
North America,Bahamas,BHS,2023-01-07,37491.0,0.0,0.0,833.0,0.0,0.0,91443.917,0.0,0.0,2031.762,0.0,0.0,0.14,,,,,,,,,241200.0,567.0,591.313,1.39,134.0,0.329,0.3486,2.9,tests performed,364701.0,174147.0,165633.0,36670.0,6771.0,136.0,88.95,42.48,40.4,8.94,332.0,48.0,0.012,32.41,39.497,34.3,8.996,5.2,27717.847,,235.954,13.17,3.1,20.4,,2.9,73.92,0.814,409989.0,1073.0,19.19,13.16,2617.14338677379
North America,Barbados,BRB,2023-01-07,105515.0,0.0,0.0,568.0,0.0,0.0,374636.956,0.0,0.0,2016.716,0.0,0.0,0.01,,,,,,,,,697476.0,734.0,2480.356,2.61,507.0,1.803,0.1812,5.5,tests performed,380980.0,163820.0,154990.0,62170.0,4.0,1.0,135.27,58.17,55.03,22.07,4.0,0.0,0.0,11.11,664.463,39.8,14.952,9.473,16978.068,,170.05,13.57,1.9,14.5,88.469,5.8,79.19,0.814,281646.0,284.4,3.6,2.41,1009.77823224899
North America,Belize,BLZ,2023-01-07,70174.0,228.0,32.571,688.0,0.0,0.0,173147.291,562.567,80.367,1697.571,0.0,0.0,0.05,,,,,,,,,572900.0,1351.0,1432.139,3.377,1012.0,2.53,0.1451,6.9,tests performed,501922.0,251848.0,221283.0,51083.0,5470.0,4.0,123.84,62.14,54.6,12.6,10.0,1.0,0.0,11.11,16.426,25.0,3.853,2.279,7824.362,,176.957,17.11,,,90.083,1.3,74.62,0.716,405285.0,540.6,13.16,-2.05,1333.87616121988
North America,Bermuda,BMU,2023-01-07,18684.0,0.0,8.857,154.0,0.0,0.143,290996.309,0.0,137.947,2398.492,0.0,2.225,,,,,,,,,,41927.0,4992.0,653.221,77.775,867.0,13.508,0.0872,11.5,samples tested,132042.0,48554.0,47657.0,35831.0,,9.0,205.65,75.62,74.22,55.81,140.0,0.0,0.0,24.07,1308.82,,,,50669.315,,139.547,13.0,,,,,82.59,,64207.0,176.2,15.78,15.38,2744.24906941611
North America,Bonaire Sint Eustatius and Saba,BES,2023-01-07,11764.0,0.0,6.857,41.0,0.0,0.286,434866.184,0.0,253.48,1515.6,0.0,10.562,,,,,,,,,,,,,,,,,,,35845.0,19109.0,16736.0,,,196.0,132.5,70.64,61.87,,7245.0,92.0,0.34,,,,,,,,,,,,,,77.79,,27052.0,,,,
North America,British Virgin Islands,VGB,2023-01-07,7305.0,0.0,0.0,64.0,0.0,0.0,233148.219,0.0,0.0,2042.64,0.0,0.0,,,,,,,,,,96630.0,,3104.878,,,,,,people tested,41453.0,19466.0,18261.0,3726.0,,5.0,132.3,62.13,58.28,11.89,160.0,2.0,0.006,,207.973,,,,,,,13.67,,,,,79.07,,31332.0,,,,
North America,Canada,CAN,2023-01-07,4524457.0,752.0,2759.286,49542.0,17.0,43.429,117657.94,19.556,71.755,1288.334,0.442,1.129,0.77,267.0,6.943,5638.0,146.615,,,,,62177630.0,75648.0,1629.606,1.983,27030.0,0.708,0.0873,11.4,tests performed,96403221.0,34649811.0,31735849.0,30017561.0,8689.0,15856.0,250.7,90.11,82.53,78.06,412.0,4590.0,0.012,5.56,4.037,41.4,16.984,10.797,44017.591,0.5,105.599,7.37,12.0,16.6,,2.5,82.43,0.929,38454328.0,28157.4,3.71,-8.15,732.229672561173
North America,Cayman Islands,CYM,2023-01-07,31472.0,0.0,0.0,37.0,0.0,0.0,457961.061,0.0,0.0,538.401,0.0,0.0,,,,,,,,,,9358.0,2691.0,137.343,39.495,384.0,5.636,0.0,3.0,tests performed,150126.0,61826.0,60539.0,24064.0,226.0,22.0,218.45,89.97,88.09,35.02,320.0,0.0,0.0,,256.496,,,,49903.029,,,13.22,,,,,83.92,,68722.0,,,,
North America,Costa Rica,CRI,2023-01-07,1171802.0,4960.0,1445.0,9104.0,19.0,4.571,226180.099,957.374,278.913,1757.245,3.667,0.882,0.43,,,,,,,,,3677525.0,8616.0,713.534,1.672,11820.0,2.293,0.176,5.7,people tested,12606343.0,4587029.0,4290783.0,2774381.0,,3293.0,243.33,88.54,82.82,53.55,636.0,469.0,0.009,11.11,96.079,33.6,9.468,5.694,15524.995,1.3,137.973,8.78,6.4,17.4,83.841,1.13,80.28,0.81,5180836.0,5946.8,11.58,-1.44,1147.84563726781
North America,Cuba,CUB,2023-01-07,1112134.0,28.0,20.143,8530.0,0.0,0.0,99189.65,2.497,1.797,760.779,0.0,0.0,0.93,,,,,,,,,5296762.0,38826.0,470.557,3.449,35601.0,3.163,0.0879,11.4,tests performed,42787488.0,10720527.0,10004599.0,8677504.0,8728.0,9737.0,381.62,95.61,89.23,77.39,868.0,168.0,0.001,13.89,110.408,43.1,14.738,9.719,,,190.968,8.27,17.1,53.3,85.198,5.2,78.8,0.783,11212198.0,53645.6,23.69,2.89,4784.57479969583
North America,Curacao,CUW,2023-01-07,45986.0,0.0,0.0,299.0,0.0,0.0,240546.521,0.0,0.0,1564.028,0.0,0.0,,,,,,,,,,22100.0,2303.0,116.109,12.1,329.0,1.729,0.2193,4.6,tests performed,256029.0,108601.0,99955.0,47473.0,1.0,4.0,133.93,56.81,52.29,24.83,21.0,2.0,0.001,,362.644,41.7,16.367,10.068,,,,11.62,,,,,78.88,,191173.0,,,,
North America,Dominica,DMA,2023-01-07,15760.0,0.0,0.0,74.0,0.0,0.0,216608.483,0.0,0.0,1017.07,0.0,0.0,0.0,,,,,,,,,205366.0,341.0,2836.077,4.709,356.0,4.916,0.0,6.0,tests performed,67647.0,32995.0,30659.0,3993.0,270.0,1.0,92.98,45.35,42.14,5.49,14.0,1.0,0.001,24.07,98.567,,,,9673.367,,227.376,11.62,,,,3.8,75.0,0.742,72758.0,,,,
North America,Dominican Republic,DOM,2023-01-07,659211.0,348.0,524.429,4384.0,0.0,0.0,58707.054,30.992,46.704,390.424,0.0,0.0,0.24,,,,,,,,,3444251.0,3731.0,309.794,0.336,4839.0,0.435,0.1524,6.6,samples tested,16174070.0,7300637.0,6071986.0,2514532.0,1667.0,672.0,144.04,65.02,54.08,22.39,60.0,78.0,0.001,5.56,222.873,27.6,6.981,4.419,14600.861,1.6,266.653,8.2,8.5,19.1,55.182,1.6,74.08,0.756,11228821.0,5419.2,6.66,10.66,482.615227368929
North America,El Salvador,SLV,2023-01-07,201785.0,0.0,0.0,4230.0,0.0,0.0,31845.405,0.0,0.0,667.572,0.0,0.0,0.0,,,,,,,,,1921625.0,4675.0,304.335,0.74,4668.0,0.739,0.106,9.4,tests performed,11289175.0,4652597.0,4344286.0,2292292.0,46995.0,2370.0,178.16,73.43,68.56,36.18,374.0,332.0,0.005,26.85,307.811,27.6,8.273,5.417,7292.458,2.2,167.295,8.87,2.5,18.8,90.65,1.3,73.32,0.673,6336393.0,4739.0,16.28,49.24,747.901842578262
North America,Greenland,GRL,2023-01-07,11971.0,0.0,0.0,21.0,0.0,0.0,211898.609,0.0,0.0,371.721,0.0,0.0,,,,,,,,,,,,,,,,,,,79738.0,41227.0,38511.0,,15.0,1.0,141.14,72.98,68.17,,18.0,0.0,0.0,11.11,0.137,,,,,,199.941,2.16,,,,,71.7,,56494.0,-112.1,-7.26,-19.59,-1984.28151662123
North America,Grenada,GRD,2023-01-07,19680.0,0.0,5.143,238.0,0.0,0.0,156863.995,0.0,40.992,1897.034,0.0,0.0,0.04,,,,,,,,,169195.0,527.0,1357.796,4.229,206.0,1.653,0.1172,8.5,tests performed,90507.0,44180.0,38975.0,7352.0,55.0,6.0,72.14,35.21,31.07,5.86,48.0,2.0,0.002,29.38,317.132,29.4,7.304,5.021,13593.877,,243.964,10.71,,,,3.7,72.4,0.779,125459.0,,,,
North America,Guatemala,GTM,2023-01-07,1211008.0,1527.0,982.286,20017.0,7.0,2.286,67866.725,85.575,55.049,1121.783,0.392,0.128,0.92,,,,,,,,,4067775.0,10381.0,231.012,0.59,10008.0,0.568,0.1911,5.2,people tested,19958551.0,8856243.0,7028257.0,4074051.0,911.0,248.0,111.85,49.63,39.39,22.83,14.0,42.0,0.0,36.57,157.834,22.9,4.694,3.016,7423.808,8.7,155.898,10.18,,,76.665,0.6,74.3,0.663,17843914.0,49194.1,22.17,2.42,2756.91196449389
North America,Haiti,HTI,2023-01-07,33912.0,0.0,2.714,860.0,0.0,0.0,2927.233,0.0,0.234,74.234,0.0,0.0,0.08,,,,,,,,,206594.0,263.0,18.047,0.023,197.0,0.017,0.0363,27.6,tests performed,510611.0,398517.0,237406.0,,4278.0,40.0,4.41,3.44,2.05,,3.0,27.0,0.0,31.48,398.448,24.3,4.8,2.954,1653.173,23.5,430.548,6.65,2.9,23.1,22.863,0.7,64.0,0.51,11585003.0,,,,
North America,Honduras,HND,2023-01-07,468048.0,555.0,304.714,11088.0,0.0,2.429,44862.875,53.197,29.207,1062.796,0.0,0.233,0.54,,,,,,,,,,,,,,,,,,16788825.0,6443311.0,5758291.0,4587598.0,81065.0,17784.0,160.92,61.76,55.19,43.97,1705.0,1930.0,0.018,23.15,82.805,24.9,4.652,2.883,4541.795,16.0,240.208,7.21,2.0,,84.169,0.7,75.27,0.634,10432858.0,,,,
North America,Jamaica,JAM,2023-01-07,152791.0,0.0,4.714,3464.0,0.0,0.429,54039.744,0.0,1.667,1225.162,0.0,0.152,0.03,,,,,,,,,1124299.0,2223.0,397.603,0.786,678.0,0.24,0.2164,4.6,samples tested,1507273.0,843854.0,743937.0,45533.0,320.0,84.0,53.31,29.85,26.31,1.61,30.0,58.0,0.002,16.67,266.879,31.4,9.684,6.39,8193.571,,206.537,11.28,5.3,28.6,66.425,1.7,74.47,0.734,2827382.0,5134.8,14.0,1.16,1816.09701129879
North America,Mexico,MEX,2023-01-07,7271010.0,13094.0,5220.429,331263.0,57.0,23.429,57025.687,102.695,40.943,2598.057,0.447,0.184,0.63,,,,,,,,,15569464.0,1462.0,122.879,0.012,12427.0,0.098,0.488,2.0,people tested,225063079.0,99071001.0,82652919.0,57026630.0,157958.0,0.0,176.51,77.7,64.82,44.73,0.0,0.0,0.0,17.59,66.444,29.3,6.857,4.321,17336.469,2.5,152.783,13.06,6.9,21.4,87.847,1.38,75.05,0.779,127504120.0,654920.7,30.19,-10.82,5136.46696279305
North America,Montserrat,MSR,2023-01-07,1403.0,0.0,0.0,8.0,0.0,0.0,317924.315,0.0,0.0,1812.826,0.0,0.0,,,,,,,,,,,,,,,,,,,4619.0,2104.0,1952.0,563.0,,1.0,104.67,47.68,44.23,12.76,227.0,0.0,0.0,,,,,,,,,,,,,,74.16,,4413.0,,,,
North America,Nicaragua,NIC,2023-01-07,15466.0,101.0,14.429,245.0,0.0,0.0,2225.838,14.536,2.077,35.26,0.0,0.0,0.0,,,,,,,,,196380.0,,28.666,,205.0,0.03,0.0174,57.4,tests performed,12118398.0,6171763.0,5946635.0,,0.0,1655.0,174.41,88.82,85.58,,238.0,349.0,0.005,13.89,51.667,27.3,5.445,3.519,5321.444,3.2,137.016,11.47,,,,0.9,74.48,0.66,6948395.0,8148.4,31.97,5.18,1172.70247301715
North America,Panama,PAN,2023-01-07,1025844.0,2066.0,295.143,8575.0,0.0,1.143,232692.507,468.631,66.947,1945.07,0.0,0.259,0.6,,,,,,,,,6499239.0,7609.0,1493.643,1.749,8930.0,2.052,0.1835,5.5,tests performed,8696911.0,3520586.0,3164398.0,2011927.0,26682.0,695.0,197.27,79.86,71.78,45.64,158.0,181.0,0.004,14.81,55.133,29.7,7.918,5.03,22267.037,2.2,128.346,8.33,2.4,9.9,,2.3,78.51,0.815,4408582.0,7503.4,19.42,-1.22,1701.99851108588
North America,Puerto Rico,PRI,2022-06-18,,,,,,,,,,,,,,,,,,,,,,3019115.0,930.0,927.239,0.286,2884.0,0.886,0.238,4.2,tests performed,,,,,,,,,,,,,,,376.232,38.2,15.168,9.829,35044.67,,108.094,12.9,,,,,80.1,,3252412.0,6528.0,8.8,17.65,2007.12578849174
North America,Saint Kitts and Nevis,KNA,2023-01-07,6571.0,0.0,1.286,46.0,0.0,0.0,137811.707,0.0,26.965,964.745,0.0,0.0,0.02,,,,,,,,,94440.0,87.0,1983.784,1.828,609.0,12.793,0.012,83.6,people tested,64297.0,33794.0,27000.0,3503.0,626.0,0.0,134.85,70.88,56.63,7.35,0.0,0.0,0.0,,212.865,,,,24654.385,,,12.84,,,,2.3,76.23,0.779,47681.0,183.4,19.03,8.47,3846.39583901344
North America,Saint Lucia,LCA,2023-01-07,29759.0,0.0,2.571,409.0,0.0,0.0,165445.428,0.0,14.296,2273.839,0.0,0.0,0.17,,,,,,,,,208560.0,117.0,1160.911,0.651,145.0,0.807,0.1488,6.7,tests performed,122977.0,60140.0,54971.0,7866.0,55.0,0.0,68.37,33.43,30.56,4.37,0.0,0.0,0.0,,293.187,34.9,9.721,6.405,12951.839,,204.62,11.62,,,87.202,1.3,76.2,0.759,179872.0,,,,
North America,Saint Pierre and Miquelon,SPM,2023-01-07,3349.0,0.0,0.0,2.0,0.0,0.0,569073.917,0.0,0.0,339.847,0.0,0.0,,,,,,,,,,,,,,,,,,,,,,,,,,,,,,,,,,,,,,,,,,,,,81.07,,5885.0,,,,
North America,Saint Vincent and the Grenadines,VCT,2023-01-07,9552.0,0.0,2.0,120.0,0.0,0.143,91882.377,0.0,19.238,1154.301,0.0,1.374,0.02,,,,,,,,,108388.0,59.0,1038.876,0.566,50.0,0.479,0.2257,4.4,tests performed,72979.0,37331.0,31445.0,4203.0,20.0,0.0,70.2,35.91,30.25,4.04,0.0,1.0,0.001,,281.787,31.8,7.724,4.832,10727.146,,252.675,11.62,,,,2.6,72.53,0.738,103959.0,128.6,6.11,37.03,1237.02613530334
North America,Sint Maarten (Dutch part),SXM,2022-11-04,,,,,,,,,,,,,,,,,,,,,,,,,,,,,,,65515.0,29788.0,26658.0,9069.0,,7.0,148.25,67.41,60.32,20.52,158.0,0.0,0.0,,1209.088,,,,36327.232,,,,,,,,78.95,,44192.0,,,,
North America,Trinidad and Tobago,TTO,2023-01-07,186279.0,246.0,35.143,4289.0,0.0,0.857,121668.039,160.675,22.954,2801.358,0.0,0.56,0.5,,,,,,,,,768404.0,1900.0,503.653,1.245,739.0,0.484,0.222,4.5,people tested,1580898.0,753588.0,716898.0,168619.0,75.0,53.0,103.26,49.22,46.82,11.01,35.0,21.0,0.001,11.11,266.886,36.2,10.014,5.819,28763.071,,228.467,10.97,,,89.443,3.0,73.51,0.796,1531043.0,,,,
North America,Turks and Caicos Islands,TCA,2023-01-07,6479.0,0.0,0.0,36.0,0.0,0.0,141691.816,0.0,0.0,787.298,0.0,0.0,,,,,,,,,,,,,,,,,,,72837.0,32338.0,30288.0,7272.0,,76.0,159.29,70.72,66.24,15.9,1662.0,4.0,0.009,,37.312,,,,,,,,,,,,80.22,,45726.0,,,,
North America,United States,USA,2023-01-07,101239724.0,4644.0,68394.429,1096503.0,14.0,503.714,299269.169,13.728,202.177,3241.312,0.041,1.489,0.88,5083.0,15.026,41584.0,122.924,,,46187.0,136.531,912769124.0,247426.0,2708.533,0.734,476216.0,1.413,0.139,7.2,tests performed,665076272.0,268546218.0,229254623.0,132493508.0,22906.0,113602.0,200.32,80.89,69.05,39.91,342.0,16576.0,0.005,28.73,35.608,38.3,15.413,9.732,54225.446,1.2,151.089,10.79,19.1,24.6,,2.77,78.86,0.926,338289856.0,1202855.2,14.27,2.53,3555.69396677387
North America,United States Virgin Islands,VIR,2022-06-19,,,,,,,,,,,,,,,,,,,,,,115079.0,14.0,1149.744,0.14,54.0,0.54,0.192,5.2,tests performed,,,,,,,,,,,,,,,306.48,42.2,18.601,10.799,,,273.67,12.26,,,,,80.58,,99479.0,,,,
Oceania,Australia,AUS,2023-01-07,11205520.0,14949.0,10748.143,17304.0,19.0,36.0,428060.683,571.065,410.588,661.028,0.726,1.375,0.87,100.0,3.82,3459.0,132.137,,,,,73370295.0,82399.0,2830.525,3.179,67114.0,2.589,0.4168,2.4,tests performed,63611887.0,22235240.0,21655301.0,19721346.0,21127.0,2023.0,243.0,84.94,82.73,75.34,77.0,10.0,0.0,11.11,3.202,37.9,15.504,10.129,44648.71,0.5,107.791,5.07,13.0,16.5,,3.84,83.44,0.944,26177410.0,16817.2,3.78,3.84,642.43177610008
Oceania,Cook Islands,COK,2023-01-07,6844.0,455.0,65.0,1.0,0.0,0.0,401831.846,26714.42,3816.346,58.713,0.0,0.0,,,,,,,,,,,,,,,,,,,40781.0,15084.0,14715.0,10209.0,,1.0,239.44,88.56,86.4,59.94,59.0,0.0,0.0,,,,,,,,,,,,,,76.25,,17032.0,,,,
Oceania,Fiji,FJI,2023-01-07,68771.0,0.0,9.857,883.0,0.0,0.286,73965.684,0.0,10.602,949.698,0.0,0.307,1.01,,,,,,,,,558519.0,567.0,604.059,0.613,765.0,0.827,,,tests performed,1551673.0,711622.0,640615.0,170471.0,28295.0,31.0,166.89,76.54,68.9,18.33,33.0,4.0,0.0,25.74,49.562,28.6,6.224,3.284,8702.975,1.4,412.82,14.49,10.2,34.8,,2.3,67.44,0.743,929769.0,,,,
Oceania,French Polynesia,PYF,2023-01-07,77957.0,0.0,6.714,649.0,0.0,0.0,254518.564,0.0,21.921,2118.893,0.0,0.0,,,,,,,,,,,,,,,,,,,497169.0,190765.0,186059.0,112237.0,405.0,68.0,162.32,62.28,60.75,36.64,222.0,29.0,0.009,,77.324,32.7,7.775,4.593,,,,22.63,,,,,77.66,,306292.0,546.2,16.03,-9.97,1783.26564193645
Oceania,Guam,GUM,2022-06-18,,,,,,,,,,,,,,,,,,,,,,323516.0,413.0,1897.076,2.422,486.0,2.85,0.103,9.7,tests performed,,,,,,,,,,,,,,,304.128,31.4,9.551,5.493,,,310.496,21.52,,,,,80.07,,171783.0,,,,
Oceania,Kiribati,KIR,2023-01-07,3430.0,0.0,0.0,13.0,0.0,0.0,26135.922,0.0,0.0,99.057,0.0,0.0,-0.0,,,,,,,,,,,,,,,,,,193491.0,96184.0,73888.0,23419.0,,664.0,147.44,73.29,56.3,17.84,5060.0,0.0,0.0,0.0,143.701,23.2,3.895,2.21,1981.132,,434.657,22.66,35.9,58.9,,1.9,68.37,0.63,131237.0,,,,
Oceania,Marshall Islands,MHL,2023-01-07,15554.0,0.0,1.0,17.0,0.0,0.0,373957.156,0.0,24.043,408.723,0.0,0.0,0.01,,,,,,,,,3184.0,392.0,75.719,9.322,14.0,0.333,0.0,30.3,tests performed,,,,,,,,,,,,,,,295.15,,,,3819.202,,557.793,30.53,,,82.502,2.7,73.7,0.704,41593.0,,,,
Oceania,Micronesia (country),FSM,2023-01-07,22234.0,0.0,4.429,58.0,0.0,0.0,194731.034,0.0,38.787,507.979,0.0,0.0,0.01,,,,,,,,,,,,,,,,,,,,,,,,,,,,,,,,150.777,23.0,4.81,2.392,3299.464,16.0,454.343,12.02,,,,,67.88,0.62,114178.0,,,,
Oceania,Nauru,NRU,2023-01-07,4621.0,0.0,0.0,1.0,0.0,0.0,364116.303,0.0,0.0,78.796,0.0,0.0,-0.0,,,,,,,,,,,,,,,,,,25172.0,11522.0,8585.0,5065.0,168.0,12.0,198.35,90.79,67.65,39.91,946.0,10.0,0.079,,682.45,,,,12895.635,,,24.07,43.0,36.9,,5.0,59.96,,12691.0,,,,
Oceania,New Caledonia,NCL,2023-01-07,79742.0,136.0,43.0,314.0,0.0,0.0,275011.295,469.032,148.297,1082.912,0.0,0.0,,,,,,,,,,,,,,,,,,,478127.0,192206.0,184645.0,101276.0,,508.0,164.89,66.29,63.68,34.93,1752.0,33.0,0.011,,15.342,33.4,9.954,6.489,,,,23.36,,,,,77.55,,289959.0,205.4,6.19,11.02,708.376011780976
Oceania,New Zealand,NZL,2023-01-07,2117738.0,14.0,3269.0,2331.0,0.0,0.0,408412.723,2.7,630.437,449.541,0.0,0.0,0.01,,,,,,,,,7264156.0,1761.0,1416.09,0.343,3141.0,0.612,,,tests performed,11916168.0,4299152.0,4137155.0,3479861.0,2525.0,2113.0,229.81,82.91,79.79,67.11,407.0,28.0,0.001,11.11,18.206,37.9,15.322,9.72,36085.843,,128.797,8.08,14.8,17.2,,2.61,82.29,0.931,5185289.0,-714.600000000002,-0.69,-8.38,-137.812955073478
Oceania,Niue,NIU,2022-10-18,,,,,,,,,,,,,,,,,,,,,,,,,,,,,,,4920.0,1636.0,1634.0,1224.0,,67.0,252.05,83.81,83.71,62.7,34324.0,29.0,1.486,,,,,,,,,,,,,,73.71,,1952.0,,,,
Oceania,Northern Mariana Islands,MNP,2021-12-04,,,,,,,,,,,,,,,,,,,,,,59110.0,7.0,1194.6,0.141,23.0,0.465,0.701,1.4,tests performed,,,,,,,,,,,,,,,119.878,,,,,,194.994,,,,,,76.74,,49574.0,,,,
Oceania,Palau,PLW,2023-01-07,5976.0,0.0,0.714,9.0,0.0,0.0,330457.863,0.0,39.498,497.678,0.0,0.0,0.35,,,,,,,,,59627.0,,3308.2,,116.0,6.436,0.0345,29.0,tests performed,,,,,,,,,,,,,,,47.237,,,,13240.405,,,15.89,7.7,22.7,,4.8,73.7,0.826,18084.0,,,,
Oceania,Papua New Guinea,PNG,2023-01-07,46663.0,0.0,0.0,669.0,0.0,0.0,4600.683,0.0,0.0,65.959,0.0,0.0,0.55,,,,,,,,,249149.0,,25.042,,,,,,people tested,711981.0,369998.0,309599.0,32384.0,,391.0,7.02,3.65,3.05,0.32,39.0,170.0,0.002,0.0,18.22,22.6,3.808,2.142,3823.194,,561.494,17.65,23.5,48.8,,,64.5,0.555,10142625.0,,,,
Oceania,Pitcairn,PCN,2022-08-29,,,,,,,,,,,,,,,,,,,,,,,,,,,,,,,117.0,47.0,47.0,23.0,,0.0,248.94,100.0,100.0,48.94,0.0,0.0,0.0,,,,,,,,,,,,,,,,47.0,,,,
Oceania,Samoa,WSM,2023-01-07,15991.0,0.0,1.286,29.0,0.0,0.0,71905.212,0.0,5.781,130.402,0.0,0.0,0.04,,,,,,,,,,,,,,,,,,526775.0,231546.0,215077.0,79061.0,,2785.0,236.87,104.12,96.71,35.55,12523.0,1443.0,0.649,,69.413,22.0,5.606,3.564,6021.557,,348.977,9.21,16.7,38.1,,,73.32,0.715,222390.0,,,,
Oceania,Solomon Islands,SLB,2023-01-07,24575.0,0.0,0.0,153.0,0.0,0.0,33930.623,0.0,0.0,211.247,0.0,0.0,-0.0,,,,,,,,,,,,,,,,,,625956.0,343821.0,254352.0,27783.0,,11404.0,86.43,47.47,35.12,3.84,15745.0,3979.0,0.549,30.46,21.841,20.8,3.507,2.043,2205.923,25.1,459.78,18.68,,,35.89,1.4,73.0,0.567,724272.0,,,,
Oceania,Tokelau,TKL,2022-12-05,,,,,,,,,,,,,,,,,,,,,,,,,,,,,,,5374.0,2203.0,2203.0,968.0,,34.0,283.89,116.38,116.38,51.14,17961.0,17.0,0.898,,,,,,,,,,,,,,81.86,,1893.0,,,,
Oceania,Tonga,TON,2023-01-07,16487.0,0.0,39.429,12.0,0.0,0.0,154275.876,0.0,368.95,112.289,0.0,0.0,0.01,,,,,,,,,,,,,,,,,,207744.0,91949.0,77464.0,38331.0,,139.0,194.39,86.04,72.49,35.87,1301.0,79.0,0.074,16.18,150.028,22.3,5.82,4.032,5425.621,,227.49,15.42,11.8,44.4,,2.6,70.91,0.725,106867.0,,,,
Oceania,Tuvalu,TUV,2023-01-07,2805.0,0.0,0.0,,,,247463.608,0.0,0.0,,,,0.02,,,,,,,,,,,,,,,,,,25591.0,9603.0,9322.0,5528.0,,45.0,225.77,84.72,82.24,48.77,3970.0,4.0,0.035,,373.067,,,,3575.104,3.3,,27.25,,,,,67.57,,11335.0,,,,
Oceania,Vanuatu,VUT,2023-01-07,12014.0,0.0,0.143,14.0,0.0,0.0,36768.847,0.0,0.437,42.847,0.0,0.0,0.02,,,,,,,,,11989.0,,37.567,,76.0,0.238,0.0132,76.0,people tested,293584.0,144824.0,131697.0,16996.0,,68.0,89.85,44.32,40.31,5.2,208.0,25.0,0.008,11.11,22.662,23.1,4.394,2.62,2921.909,13.2,546.3,12.02,2.8,34.5,25.209,,70.47,0.609,326744.0,,,,
Oceania,Wallis and Futuna,WLF,2023-01-07,3427.0,0.0,1.714,7.0,0.0,0.0,295532.942,0.0,147.834,603.656,0.0,0.0,,,,,,,,,,,,,,,,,,,17959.0,7136.0,6794.0,3742.0,,168.0,154.87,61.54,58.59,32.27,14488.0,3.0,0.026,,,,,,,,,,,,,,79.94,,11596.0,,,,
South America,Argentina,ARG,2023-01-07,9963697.0,72558.0,10365.429,130171.0,47.0,6.714,218932.676,1594.32,227.76,2860.252,1.033,0.148,0.09,372.0,8.174,,,,,,,36663990.0,6236.0,809.775,0.138,36366.0,0.803,0.287,3.5,tests performed,113069812.0,41415192.0,37925282.0,34051337.0,30.0,61486.0,248.45,91.0,83.33,74.82,1351.0,1030.0,0.002,13.44,16.177,31.9,11.198,7.441,18933.907,0.6,191.032,5.5,16.2,27.7,,5.0,76.67,0.845,45510324.0,34735.2,10.17,17.97,763.237809513288
South America,Bolivia,BOL,2023-01-07,1168711.0,1686.0,1793.429,22315.0,0.0,2.286,95607.011,137.924,146.712,1825.49,0.0,0.187,1.43,19.0,1.554,102.0,8.344,,,,,4440371.0,6982.0,367.596,0.578,6277.0,0.52,0.0726,13.8,tests performed,14690530.0,7361008.0,6160585.0,2167589.0,3953.0,2741.0,120.18,60.22,50.4,17.73,224.0,508.0,0.004,25.46,10.202,25.4,6.704,4.393,6885.829,7.1,204.299,6.89,,,25.383,1.1,71.51,0.718,12224114.0,58269.5,52.65,112.7,4766.7667366322
South America,Brazil,BRA,2023-01-07,36477214.0,54076.0,20847.571,694779.0,368.0,132.286,169414.427,251.15,96.824,3226.825,1.709,0.614,1.05,,,,,,,,,70923215.0,126242.0,330.912,0.589,121418.0,0.567,,,tests performed,482292286.0,188815642.0,175274334.0,123944826.0,46816.0,279768.0,224.0,87.69,81.4,57.56,1299.0,37387.0,0.017,22.22,25.04,33.5,8.552,5.06,14103.452,3.4,177.961,8.11,10.1,17.9,,2.2,75.88,0.765,215313504.0,824552.1,21.03,2.78,3829.54196871925
South America,Chile,CHL,2023-01-07,5062734.0,4419.0,3601.0,63330.0,30.0,22.571,258253.529,225.416,183.689,3230.507,1.53,1.151,1.1,118.0,6.019,,,44.0,2.244,513.0,26.168,39773213.0,58711.0,2040.365,3.012,67521.0,3.464,0.1502,6.7,tests performed,62627328.0,18083297.0,17696102.0,27422645.0,1178.0,751.0,319.47,92.24,90.27,139.88,38.0,70.0,0.0,13.89,24.282,35.4,11.087,6.938,22767.037,1.3,127.993,8.46,34.2,41.5,,2.11,80.18,0.851,19603736.0,59526.6,17.82,17.48,3036.49263589348
South America,Colombia,COL,2023-01-07,6343020.0,6360.0,908.571,141959.0,78.0,11.143,122277.375,122.605,17.515,2736.61,1.504,0.215,0.0,,,,,,,,,35241195.0,9497.0,684.075,0.184,18395.0,0.357,0.085,11.8,tests performed,89787647.0,42909220.0,36879309.0,14521436.0,18933.0,7611.0,173.09,82.72,71.09,27.99,147.0,1075.0,0.002,19.44,44.223,32.2,7.646,4.312,13254.949,4.5,124.24,7.44,4.7,13.5,65.386,1.71,77.29,0.767,51874028.0,189059.8,26.06,-0.81,3644.59455510183
South America,Ecuador,ECU,2023-01-07,1040463.0,0.0,0.0,35940.0,0.0,0.0,57800.282,0.0,0.0,1996.556,0.0,0.0,0.22,,,,,,,,,2870685.0,2817.0,161.295,0.158,4020.0,0.226,0.271,3.7,people tested,39320580.0,15317477.0,14216691.0,10351602.0,17589.0,2012.0,218.44,85.09,78.98,57.51,112.0,131.0,0.001,14.81,66.939,28.1,7.104,4.458,10581.936,3.6,140.448,5.55,2.0,12.3,80.635,1.5,77.01,0.759,18001002.0,76403.3,33.46,10.16,4244.39150665058
South America,Falkland Islands,FLK,2023-01-07,1930.0,0.0,0.0,,,,507761.115,0.0,0.0,,,,,,,,,,,,,,,,,,,,,,4407.0,2632.0,1775.0,,,12.0,115.94,69.24,46.7,,3157.0,4.0,0.105,,,,,,,,,,,,,,81.44,,3801.0,,,,
South America,Guyana,GUY,2023-01-07,72397.0,136.0,50.0,1290.0,0.0,0.571,89519.702,168.166,61.826,1595.099,0.0,0.707,1.05,,,,,,,,,442695.0,,550.228,,2771.0,3.444,0.3388,3.0,tests performed,953690.0,493404.0,380118.0,80168.0,58394.0,0.0,117.92,61.01,47.0,9.91,0.0,0.0,0.0,18.52,3.952,26.3,5.305,2.837,7435.047,,373.159,11.62,,,77.159,1.6,69.91,0.682,808727.0,,,,
South America,Paraguay,PRY,2023-01-07,798231.0,6016.0,859.429,19716.0,28.0,4.0,117720.251,887.218,126.745,2907.645,4.129,0.59,0.34,,,,,,,,,2609819.0,1757.0,389.304,0.262,1763.0,0.263,0.0654,15.3,tests performed,9492529.0,3975338.0,3530179.0,1987012.0,33555.0,320.0,139.99,58.63,52.06,29.3,47.0,0.0,0.0,11.11,17.144,26.5,6.378,3.833,8827.01,1.7,199.128,8.27,5.0,21.6,79.602,1.3,74.25,0.728,6780745.0,25028.2,25.27,-15.52,3691.06934415024
South America,Peru,PER,2023-01-07,4466331.0,6231.0,1476.286,218356.0,52.0,22.143,131171.367,182.998,43.357,6412.882,1.527,0.65,0.64,,,,,,,,,28971116.0,,859.283,,49170.0,1.458,0.009,111.1,tests performed,86721104.0,30214524.0,28433950.0,28072630.0,3142.0,5006.0,254.69,88.74,83.51,82.45,147.0,706.0,0.002,11.11,25.129,29.1,7.151,4.455,12236.706,3.5,85.755,5.95,4.8,,,1.6,76.74,0.777,34049588.0,186398.5,40.92,-4.65,5474.32468199028
South America,Suriname,SUR,2023-01-07,82020.0,439.0,62.714,1398.0,0.0,0.714,132708.569,710.303,101.472,2261.968,0.0,1.156,-0.0,,,,,,,,,84184.0,165.0,137.335,0.269,24.0,0.039,0.491,2.0,tests performed,505699.0,267820.0,237879.0,48889.0,398.0,14.0,81.82,43.33,38.49,7.91,23.0,6.0,0.001,21.3,3.612,29.6,6.933,4.229,13767.119,,258.314,12.54,7.4,42.9,67.779,3.1,71.68,0.738,618046.0,48.2,1.23,14.57,77.9877225966999
South America,Uruguay,URY,2023-01-07,1020161.0,8173.0,1167.571,7570.0,0.0,1.143,298049.022,2387.814,341.116,2211.642,0.0,0.334,1.1,,,,,,,,,6086835.0,2072.0,1776.525,0.605,3188.0,0.93,0.0836,12.0,people tested,8832620.0,3004604.0,2896924.0,2931092.0,3070.0,8223.0,258.05,87.78,84.64,85.63,2402.0,50.0,0.001,13.89,19.751,35.6,14.655,10.361,20551.409,0.1,160.708,6.93,14.0,19.9,,2.8,77.91,0.817,3422796.0,6610.5,6.41,-1.65,1931.31580146757
South America,Venezuela,VEN,2023-01-07,550716.0,0.0,27.714,5832.0,0.0,0.0,19458.76,0.0,0.979,206.065,0.0,0.0,1.05,,,,,,,,,,,,,,,,,,37860994.0,22157232.0,14966671.0,651502.0,,0.0,133.78,78.29,52.88,2.3,0.0,0.0,0.0,13.89,36.253,29.0,6.614,3.915,16745.022,,204.85,6.47,,,,0.8,72.06,0.711,28301700.0,,,,
